period_begin,period_end,city,property_type,median_sale_price,median_sale_price_diff,median_sale_price_diff2
2012-02-01,2012-02-29,Austin,All Residential,192155.9267351245,7408.399846923014,
2012-03-01,2012-03-31,Austin,All Residential,199252.303205564,7096.376470439514,-312.0233764834993
2012-04-01,2012-04-30,Austin,All Residential,201380.15193857398,2127.8487330099742,-4968.52773742954
2012-05-01,2012-05-31,Austin,All Residential,205991.61696285201,4611.4650242780335,2483.6162912680593
2012-06-01,2012-06-30,Austin,All Residential,209316.74781346298,3325.1308506109635,-1286.33417366707
2012-07-01,2012-07-31,Austin,All Residential,207669.884362633,-1646.8634508299874,-4971.994301440951
2012-08-01,2012-08-31,Austin,All Residential,207951.6933467735,281.80898414051626,1928.6724349705037
2012-09-01,2012-09-30,Austin,All Residential,199399.08153595,-8552.611810823495,-8834.420794964011
2012-10-01,2012-10-31,Austin,All Residential,201280.97408511798,1881.8925491679693,10434.504359991464
2012-11-01,2012-11-30,Austin,All Residential,201805.6908655575,524.716780439514,-1357.1757687284553
2012-12-01,2012-12-31,Austin,All Residential,210071.2865699805,8265.595704423002,7740.878923983488
2013-01-01,2013-01-31,Austin,All Residential,202300.4995444555,-7770.787025525002,-16036.382729948004
2013-02-01,2013-02-28,Austin,All Residential,209350.07153861248,7049.571994156984,14820.359019681986
2013-03-01,2013-03-31,Austin,All Residential,216305.28696594102,6955.215427328541,-94.35656682844274
2013-04-01,2013-04-30,Austin,All Residential,221029.649122634,4724.36215669298,-2230.853270635562
2013-05-01,2013-05-31,Austin,All Residential,223362.3462968655,2332.6971742314927,-2391.664982461487
2013-06-01,2013-06-30,Austin,All Residential,224977.17900479998,1614.832707934489,-717.8644662970037
2013-07-01,2013-07-31,Austin,All Residential,222417.665422545,-2559.513582254993,-4174.346290189482
2013-08-01,2013-08-31,Austin,All Residential,218599.33741670352,-3818.3280058414675,-1258.8144235864747
2013-09-01,2013-09-30,Austin,All Residential,222954.0683899385,4354.730973234982,8173.05897907645
2013-10-01,2013-10-31,Austin,All Residential,219423.798442553,-3530.2699473855027,-7885.000920620485
2013-11-01,2013-11-30,Austin,All Residential,220781.29882639,1357.500383837003,4887.770331222506
2013-12-01,2013-12-31,Austin,All Residential,227086.271632962,6304.972806571983,4947.47242273498
2014-01-01,2014-01-31,Austin,All Residential,223275.87841724,-3810.393215721997,-10115.36602229398
2014-02-01,2014-02-28,Austin,All Residential,230589.1135085835,7313.235091343522,11123.628307065519
2014-03-01,2014-03-31,Austin,All Residential,232267.7020132815,1678.588504697982,-5634.64658664554
2014-04-01,2014-04-30,Austin,All Residential,232330.3831906835,62.681177402002504,-1615.9073272959795
2014-05-01,2014-05-31,Austin,All Residential,240348.3823746165,8017.999183933018,7955.318006531015
2014-06-01,2014-06-30,Austin,All Residential,244557.4046963235,4209.022321706987,-3808.976862226031
2014-07-01,2014-07-31,Austin,All Residential,246064.813913417,1507.4092170934891,-2701.613104613498
2014-08-01,2014-08-31,Austin,All Residential,244069.65579022252,-1995.1581231944729,-3502.567340287962
2014-09-01,2014-09-30,Austin,All Residential,241089.0026152315,-2980.653174991021,-985.4950517965481
2014-10-01,2014-10-31,Austin,All Residential,242436.2439181985,1347.2413029670133,4327.894477958034
2014-11-01,2014-11-30,Austin,All Residential,247628.0764022965,5191.832484097977,3844.5911811309634
2014-12-01,2014-12-31,Austin,All Residential,248052.84362718498,424.7672248884919,-4767.065259209485
2015-01-01,2015-01-31,Austin,All Residential,245975.310701824,-2077.5329253609816,-2502.3001502494735
2015-02-01,2015-02-28,Austin,All Residential,251185.163243972,5209.852542148001,7287.385467508982
2015-03-01,2015-03-31,Austin,All Residential,256332.5155239105,5147.3522799384955,-62.50026220950531
2015-04-01,2015-04-30,Austin,All Residential,265233.3651859435,8900.849662032997,3753.4973820945015
2015-05-01,2015-05-31,Austin,All Residential,263907.87314095197,-1325.4920449915226,-10226.34170702452
2015-06-01,2015-06-30,Austin,All Residential,265121.0468494145,1213.1737084625056,2538.665753454028
2015-07-01,2015-07-31,Austin,All Residential,262103.8624705325,-3017.184378881968,-4230.3580873444735
2015-08-01,2015-08-31,Austin,All Residential,261155.3684004455,-948.4940700870065,2068.6903087949613
2015-09-01,2015-09-30,Austin,All Residential,257907.3957348805,-3247.972665565001,-2299.4785954779945
2015-10-01,2015-10-31,Austin,All Residential,257860.0270244795,-47.36871040100232,3200.6039551639988
2015-11-01,2015-11-30,Austin,All Residential,273353.932983535,15493.905959055497,15541.2746694565
2015-12-01,2015-12-31,Austin,All Residential,272662.159446952,-691.7735365830013,-16185.679495638498
2016-01-01,2016-01-31,Austin,All Residential,261800.033227862,-10862.126219089987,-10170.352682506986
2016-02-01,2016-02-29,Austin,All Residential,268527.5973244045,6727.564096542512,17589.6903156325
2016-03-01,2016-03-31,Austin,All Residential,274662.4977258775,6134.900401472987,-592.6636950695247
2016-04-01,2016-04-30,Austin,All Residential,281183.9376745125,6521.439948635001,386.53954716201406
2016-05-01,2016-05-31,Austin,All Residential,279621.0240934045,-1562.913581107976,-8084.353529742977
2016-06-01,2016-06-30,Austin,All Residential,287155.09099399147,7534.066900586942,9096.980481694918
2016-07-01,2016-07-31,Austin,All Residential,281898.9764070245,-5256.114586966985,-12790.181487553928
2016-08-01,2016-08-31,Austin,All Residential,283913.701681756,2014.7252747315215,7270.839861698507
2016-09-01,2016-09-30,Austin,All Residential,278668.745848422,-5244.95583333401,-7259.681108065532
2016-10-01,2016-10-31,Austin,All Residential,282999.6771535125,4330.931305090489,9575.8871384245
2016-11-01,2016-11-30,Austin,All Residential,293661.268119535,10661.590966022515,6330.659660932026
2016-12-01,2016-12-31,Austin,All Residential,290731.2928406705,-2929.9752788644983,-13591.566244887013
2017-01-01,2017-01-31,Austin,All Residential,285130.5654400025,-5600.727400668024,-2670.7521218035254
2017-02-01,2017-02-28,Austin,All Residential,292065.666700838,6935.101260835538,12535.828661503561
2017-03-01,2017-03-31,Austin,All Residential,294117.485627591,2051.8189267530106,-4883.282334082527
2017-04-01,2017-04-30,Austin,All Residential,295679.377675161,1561.8920475699706,-489.92687918304
2017-05-01,2017-05-31,Austin,All Residential,299832.89569361496,4153.518018453964,2591.6259708839934
2017-06-01,2017-06-30,Austin,All Residential,300875.71859520604,1042.8229015910765,-3110.6951168628875
2017-07-01,2017-07-31,Austin,All Residential,294667.6246243225,-6208.093970883521,-7250.916872474598
2017-08-01,2017-08-31,Austin,All Residential,293866.1795789645,-801.4450453580357,5406.6489255254855
2017-09-01,2017-09-30,Austin,All Residential,292836.257857898,-1029.9217210664647,-228.47667570842896
2017-10-01,2017-10-31,Austin,All Residential,292865.4587495165,29.200891618500464,1059.1226126849651
2017-11-01,2017-11-30,Austin,All Residential,295307.6471642175,2442.1884147009696,2412.987523082469
2017-12-01,2017-12-31,Austin,All Residential,306853.50341348,11545.85624926252,9103.667834561551
2018-01-01,2018-01-31,Austin,All Residential,297683.1658480345,-9170.337565445516,-20716.193814708036
2018-02-01,2018-02-28,Austin,All Residential,298384.5963842815,701.4305362470332,9871.768101692549
2018-03-01,2018-03-31,Austin,All Residential,299115.86860702,731.2722227384802,29.841686491447035
2018-04-01,2018-04-30,Austin,All Residential,309422.9483848375,10307.079777817475,9575.807555078994
2018-05-01,2018-05-31,Austin,All Residential,312016.782098166,2593.833713328524,-7713.246064488951
2018-06-01,2018-06-30,Austin,All Residential,314318.3769912725,2301.5948931064922,-292.2388202220318
2018-07-01,2018-07-31,Austin,All Residential,311566.3261019575,-2752.0508893150254,-5053.645782421518
2018-08-01,2018-08-31,Austin,All Residential,315686.236908246,4119.910806288535,6871.961695603561
2018-09-01,2018-09-30,Austin,All Residential,303956.370695154,-11729.866213091998,-15849.777019380534
2018-10-01,2018-10-31,Austin,All Residential,308278.4690772905,4322.0983821364935,16051.964595228492
2018-11-01,2018-11-30,Austin,All Residential,303843.855961923,-4434.61311536748,-8756.711497503973
2018-12-01,2018-12-31,Austin,All Residential,305861.8191345735,2017.9631726504886,6452.576288017968
2019-01-01,2019-01-31,Austin,All Residential,302801.6661408855,-3060.1529936880106,-5078.116166338499
2019-02-01,2019-02-28,Austin,All Residential,298343.9932400965,-4457.67290078901,-1397.5199071009993
2019-03-01,2019-03-31,Austin,All Residential,304103.147482256,5759.154242159508,10216.827142948518
2019-04-01,2019-04-30,Austin,All Residential,313338.078297911,9234.930815654981,3475.7765734954737
2019-05-01,2019-05-31,Austin,All Residential,322672.595452997,9334.51715508604,99.58633943105815
2019-06-01,2019-06-30,Austin,All Residential,321620.74462781753,-1051.8508251794847,-10386.367980265524
2019-07-01,2019-07-31,Austin,All Residential,316519.96785778704,-5100.776770030498,-4048.925944851013
2019-08-01,2019-08-31,Austin,All Residential,318749.918209092,2229.9503513049567,7330.727121335454
2019-09-01,2019-09-30,Austin,All Residential,324199.0632483715,5449.1450392794795,3219.194687974523
2019-10-01,2019-10-31,Austin,All Residential,328448.1201047265,4249.056856355048,-1200.0881829244317
2019-11-01,2019-11-30,Austin,All Residential,313490.9936576325,-14957.126447094022,-19206.18330344907
2019-12-01,2019-12-31,Austin,All Residential,322534.5250630325,9043.53140540002,24000.65785249404
2020-01-01,2020-01-31,Austin,All Residential,316792.7440630215,-5741.7810000110185,-14785.312405411038
2020-02-01,2020-02-29,Austin,All Residential,328735.339127714,11942.59506469249,17684.37606470351
2020-03-01,2020-03-31,Austin,All Residential,331007.6313708605,2272.292243146512,-9670.302821545978
2020-04-01,2020-04-30,Austin,All Residential,319202.5484784215,-11805.082892438979,-14077.375135585491
2020-05-01,2020-05-31,Austin,All Residential,323816.1753886315,4613.626910210005,16418.709802648984
2020-06-01,2020-06-30,Austin,All Residential,331774.5337384,7958.358349768445,3344.73143955844
2020-07-01,2020-07-31,Austin,All Residential,348168.58550142904,16394.05176302907,8435.693413260626
2020-08-01,2020-08-31,Austin,All Residential,348634.642511463,466.0570100339828,-15927.994752995088
2020-09-01,2020-09-30,Austin,All Residential,359662.33613134746,11027.693619884434,10561.636609850451
2020-10-01,2020-10-31,Austin,All Residential,370867.7014060725,11205.365274725016,177.67165484058205
2020-11-01,2020-11-30,Austin,All Residential,369736.79740890197,-1130.903997170506,-12336.269271895522
2020-12-01,2020-12-31,Austin,All Residential,370611.4324295705,874.635020668502,2005.539017839008
2021-01-01,2021-01-31,Austin,All Residential,378221.030252923,7609.597823352553,6734.962802684051
2021-02-01,2021-02-28,Austin,All Residential,399593.4769201585,21372.44666723546,13762.848843882908
2021-03-01,2021-03-31,Austin,All Residential,425730.5228014515,26137.045881293016,4764.5992140575545
2021-04-01,2021-04-30,Austin,All Residential,457695.549069443,31965.026267991518,5827.980386698502
2021-05-01,2021-05-31,Austin,All Residential,456260.75352751,-1434.7955419330392,-33399.82180992456
2021-06-01,2021-06-30,Austin,All Residential,469768.48789480096,13507.734367290977,14942.529909224017
2021-07-01,2021-07-31,Austin,All Residential,476745.6262251945,6977.138330393529,-6530.596036897448
2021-08-01,2021-08-31,Austin,All Residential,469904.0675861665,-6841.558639027993,-13818.696969421522
2021-09-01,2021-09-30,Austin,All Residential,455928.2527277455,-13975.814858420985,-7134.256219392992
2021-10-01,2021-10-31,Austin,All Residential,462081.6022672405,6153.349539495015,20129.164397916
2021-11-01,2021-11-30,Austin,All Residential,476129.53856914747,14047.936301906942,7894.586762411927
2021-12-01,2021-12-31,Austin,All Residential,478121.19663324347,1991.658064096002,-12056.27823781094
2022-01-01,2022-01-31,Austin,All Residential,495709.1813996465,17587.98476640304,15596.326702307037
2022-02-01,2022-02-28,Austin,All Residential,505667.4197701235,9958.238370476989,-7629.746395926049
2022-03-01,2022-03-31,Austin,All Residential,519424.077945768,13756.658175644523,3798.419805167534
2022-04-01,2022-04-30,Austin,All Residential,544957.1747870125,25533.096841244493,11776.43866559997
2022-05-01,2022-05-31,Austin,All Residential,540148.791025787,-4808.383761225501,-30341.480602469994
2022-06-01,2022-06-30,Austin,All Residential,523612.3272834085,-16536.463742378517,-11728.079981153016
2022-07-01,2022-07-31,Austin,All Residential,514352.5655033825,-9259.76178002602,7276.7019623524975
2022-08-01,2022-08-31,Austin,All Residential,498030.11496827647,-16322.450535106007,-7062.6887550799875
2022-09-01,2022-09-30,Austin,All Residential,481245.8367446055,-16784.27822367096,-461.82768856495386
2022-10-01,2022-10-31,Austin,All Residential,479985.42731668404,-1260.4094279214623,15523.868795749499
2022-11-01,2022-11-30,Austin,All Residential,472843.3246497215,-7142.102666962543,-5881.69323904108
2022-12-01,2022-12-31,Austin,All Residential,456976.977244473,-15866.347405248496,-8724.244738285954
2023-01-01,2023-01-31,Austin,All Residential,461822.99609457003,4846.018850097025,20712.36625534552
2023-02-01,2023-02-28,Austin,All Residential,443772.780615995,-18050.21547857503,-22896.234328672057
2023-03-01,2023-03-31,Austin,All Residential,448984.5327070285,5211.752091033501,23261.967569608532
2023-04-01,2023-04-30,Austin,All Residential,458536.992298907,9552.45959187852,4340.707500845019
2023-05-01,2023-05-31,Austin,All Residential,456290.0995209685,-2246.892777938512,-11799.352369817032
2023-06-01,2023-06-30,Austin,All Residential,467863.20982074004,11573.110299771535,13820.003077710047
2023-07-01,2023-07-31,Austin,All Residential,457760.390104781,-10102.81971595902,-21675.930015730555
2023-08-01,2023-08-31,Austin,All Residential,458178.07785403554,417.68774925451726,10520.507465213537
2023-09-01,2023-09-30,Austin,All Residential,458697.416397619,519.3385435834643,101.65079432894709
2023-10-01,2023-10-31,Austin,All Residential,446250.684604239,-12446.731793379993,-12966.070336963458
2023-11-01,2023-11-30,Austin,All Residential,430540.77448664454,-15709.910117594467,-3263.178324214474
2023-12-01,2023-12-31,Austin,All Residential,444850.64766036696,14309.873173722415,30019.783291316882
2024-01-01,2024-01-31,Austin,All Residential,441284.082774185,-3566.5648861819645,-17876.43805990438
2024-02-01,2024-02-29,Austin,All Residential,446087.12439203204,4803.041617847048,8369.606504029012
2024-03-01,2024-03-31,Austin,All Residential,448654.5876160615,2567.4632240294595,-2235.578393817588
2024-04-01,2024-04-30,Austin,All Residential,455128.08664034354,6473.499024282035,3906.0358002525754
2024-05-01,2024-05-31,Austin,All Residential,449705.017293163,-5423.0693471805425,-11896.568371462577
2024-06-01,2024-06-30,Austin,All Residential,440494.4127386515,-9210.60455451149,-3787.5352073309477
2024-07-01,2024-07-31,Austin,All Residential,444924.645707297,4430.23296864552,13640.83752315701
2024-08-01,2024-08-31,Austin,All Residential,437252.63890103146,-7672.006806265563,-12102.239774911082
2024-09-01,2024-09-30,Austin,All Residential,435597.6609826985,-1654.9779183329665,6017.028887932596
2024-10-01,2024-10-31,Austin,All Residential,435782.5210819915,184.86009929300053,1839.838017625967
2024-11-01,2024-11-30,Austin,All Residential,440647.7143126715,4865.193230680015,4680.333131387015
2024-12-01,2024-12-31,Austin,All Residential,452865.8122181925,12218.09790552099,7352.904674840975
2025-01-01,2025-01-31,Austin,All Residential,424937.02626473247,-27928.78595346003,-40146.88385898102
2025-02-01,2025-02-28,Austin,All Residential,434951.158039615,10014.131774882553,37942.91772834258
2025-03-01,2025-03-31,Austin,All Residential,438680.8573034075,3729.699263792485,-6284.432511090068
2025-04-01,2025-04-30,Austin,All Residential,440906.010911774,2225.153608366498,-1504.5456554259872
2025-05-01,2025-05-31,Austin,All Residential,437192.9534177105,-3713.0574940635124,-5938.21110243001
2025-06-01,2025-06-30,Austin,All Residential,438554.7125958795,1361.7591781690135,5074.816672232526
2025-07-01,2025-07-31,Austin,All Residential,425432.917502588,-13121.795093291497,-14483.55427146051
2025-08-01,2025-08-31,Austin,All Residential,440485.63969725696,15052.722194668953,28174.51728796045
2025-09-01,2025-09-30,Austin,All Residential,422996.458335662,-17489.181361594936,-32541.90355626389
2025-10-01,2025-10-31,Austin,All Residential,443272.7930845205,20276.33474885847,37765.516110453405
2025-11-01,2025-11-30,Austin,All Residential,435571.0420484195,-7701.751036101021,-27978.08578495949
2025-12-01,2025-12-31,Austin,All Residential,434028.544171517,-1542.4978769024601,6159.253159198561
2012-02-01,2012-02-29,Average of 7 City,All Residential,266378.4996051044,3728.57008786808,
2012-03-01,2012-03-31,Average of 7 City,All Residential,275708.7303904283,9330.230785323889,5601.660697455809
2012-04-01,2012-04-30,Average of 7 City,All Residential,289707.7669593868,13999.036568958545,4668.805783634656
2012-05-01,2012-05-31,Average of 7 City,All Residential,294963.12669802026,5255.359738633444,-8743.676830325101
2012-06-01,2012-06-30,Average of 7 City,All Residential,306804.5402705376,11841.41357251734,6586.053833883896
2012-07-01,2012-07-31,Average of 7 City,All Residential,303756.77861048025,-3047.761660057353,-14889.175232574693
2012-08-01,2012-08-31,Average of 7 City,All Residential,302493.36551309034,-1263.4130973899155,1784.3485626674374
2012-09-01,2012-09-30,Average of 7 City,All Residential,303505.41675664065,1012.0512435503188,2275.4643409402343
2012-10-01,2012-10-31,Average of 7 City,All Residential,305763.2990880985,2257.882331457862,1245.8310879075434
2012-11-01,2012-11-30,Average of 7 City,All Residential,311691.1339892684,5927.834901169874,3669.9525697120116
2012-12-01,2012-12-31,Average of 7 City,All Residential,315613.4228791177,3922.2888898493256,-2005.5460113205481
2013-01-01,2013-01-31,Average of 7 City,All Residential,304080.53674375475,-11532.886135362962,-15455.175025212287
2013-02-01,2013-02-28,Average of 7 City,All Residential,313316.1274797902,9235.590736035432,20768.476871398394
2013-03-01,2013-03-31,Average of 7 City,All Residential,327730.6845923801,14414.557112589886,5178.966376554454
2013-04-01,2013-04-30,Average of 7 City,All Residential,335186.70119907183,7456.016606691759,-6958.540505898127
2013-05-01,2013-05-31,Average of 7 City,All Residential,341591.9508959123,6405.249696840474,-1050.7669098512852
2013-06-01,2013-06-30,Average of 7 City,All Residential,345107.33732471743,3515.3864288051263,-2889.8632680353476
2013-07-01,2013-07-31,Average of 7 City,All Residential,346597.1432862971,1489.8059615796665,-2025.5804672254599
2013-08-01,2013-08-31,Average of 7 City,All Residential,350145.1580097427,3548.01472344558,2058.2087618659134
2013-09-01,2013-09-30,Average of 7 City,All Residential,345057.5107776003,-5087.6472321423935,-8635.661955587973
2013-10-01,2013-10-31,Average of 7 City,All Residential,343262.3338622414,-1795.1769153588684,3292.470316783525
2013-11-01,2013-11-30,Average of 7 City,All Residential,341783.3378558431,-1478.9960063982871,316.1809089605813
2013-12-01,2013-12-31,Average of 7 City,All Residential,348139.7285744482,6356.390718605078,7835.386725003365
2014-01-01,2014-01-31,Average of 7 City,All Residential,357107.41242918227,8967.68385473406,2611.293136128981
2014-02-01,2014-02-28,Average of 7 City,All Residential,357581.57397077745,474.1615415951819,-8493.522313138878
2014-03-01,2014-03-31,Average of 7 City,All Residential,367268.7215103721,9687.147539594676,9212.985997999494
2014-04-01,2014-04-30,Average of 7 City,All Residential,362455.7380386858,-4812.9834716863115,-14500.131011280988
2014-05-01,2014-05-31,Average of 7 City,All Residential,373775.7560931733,11320.018054487475,16133.001526173786
2014-06-01,2014-06-30,Average of 7 City,All Residential,379032.9453033419,5257.18921016861,-6062.828844318865
2014-07-01,2014-07-31,Average of 7 City,All Residential,381061.741177656,2028.7958743140916,-3228.393335854518
2014-08-01,2014-08-31,Average of 7 City,All Residential,376760.81644499005,-4300.924732665939,-6329.72060698003
2014-09-01,2014-09-30,Average of 7 City,All Residential,373094.32688027964,-3666.489564710413,634.4351679555257
2014-10-01,2014-10-31,Average of 7 City,All Residential,378862.7099943563,5768.383114076685,9434.872678787098
2014-11-01,2014-11-30,Average of 7 City,All Residential,386882.695804672,8019.985810315702,2251.602696239017
2014-12-01,2014-12-31,Average of 7 City,All Residential,382237.2821901953,-4645.41361447674,-12665.399424792442
2015-01-01,2015-01-31,Average of 7 City,All Residential,381803.60812652996,-433.6740636653267,4211.739550811413
2015-02-01,2015-02-28,Average of 7 City,All Residential,398339.4500760878,16535.841949557827,16969.516013223154
2015-03-01,2015-03-31,Average of 7 City,All Residential,411762.6663954391,13423.21631935134,-3112.6256302064867
2015-04-01,2015-04-30,Average of 7 City,All Residential,415309.9873247591,3547.320929319947,-9875.895390031394
2015-05-01,2015-05-31,Average of 7 City,All Residential,436832.8052398876,21522.817915128544,17975.496985808597
2015-06-01,2015-06-30,Average of 7 City,All Residential,431724.6251903613,-5108.180049526331,-26630.997964654875
2015-07-01,2015-07-31,Average of 7 City,All Residential,436070.7440961274,4346.11890576611,9454.298955292441
2015-08-01,2015-08-31,Average of 7 City,All Residential,433265.119375055,-2805.6247210723814,-7151.743626838492
2015-09-01,2015-09-30,Average of 7 City,All Residential,424850.972112935,-8414.147262120037,-5608.522541047656
2015-10-01,2015-10-31,Average of 7 City,All Residential,427688.0568300112,2837.0847170762136,11251.23197919625
2015-11-01,2015-11-30,Average of 7 City,All Residential,434096.6003256647,6408.543495653488,3571.4587785772746
2015-12-01,2015-12-31,Average of 7 City,All Residential,431671.574671442,-2425.0256542227,-8833.569149876188
2016-01-01,2016-01-31,Average of 7 City,All Residential,426874.292313904,-4797.2823575380025,-2372.2567033153027
2016-02-01,2016-02-29,Average of 7 City,All Residential,429883.88650041696,3009.594186512986,7806.876544050989
2016-03-01,2016-03-31,Average of 7 City,All Residential,432405.38892390014,2521.50242348318,-488.0917630298063
2016-04-01,2016-04-30,Average of 7 City,All Residential,451923.84470311354,19518.4557792134,16996.95335573022
2016-05-01,2016-05-31,Average of 7 City,All Residential,456114.4379326081,4190.5932294945815,-15327.862549718819
2016-06-01,2016-06-30,Average of 7 City,All Residential,460119.821055606,4005.3831229978823,-185.21010649669915
2016-07-01,2016-07-31,Average of 7 City,All Residential,461388.393121412,1268.5720658060163,-2736.811057191866
2016-08-01,2016-08-31,Average of 7 City,All Residential,457171.91493817646,-4216.478183235566,-5485.050249041582
2016-09-01,2016-09-30,Average of 7 City,All Residential,449660.25796705665,-7511.65697111981,-3295.1787878842442
2016-10-01,2016-10-31,Average of 7 City,All Residential,462989.0804338076,13328.822466750978,20840.47943787079
2016-11-01,2016-11-30,Average of 7 City,All Residential,455835.78936669946,-7153.291067108163,-20482.11353385914
2016-12-01,2016-12-31,Average of 7 City,All Residential,459511.42086020054,3675.631493501074,10828.922560609237
2017-01-01,2017-01-31,Average of 7 City,All Residential,452107.812223786,-7403.608636414516,-11079.24012991559
2017-02-01,2017-02-28,Average of 7 City,All Residential,468274.4586121332,16166.646388347202,23570.25502476172
2017-03-01,2017-03-31,Average of 7 City,All Residential,471886.443399793,3611.984787659778,-12554.661600687425
2017-04-01,2017-04-30,Average of 7 City,All Residential,484723.61473988957,12837.171340096567,9225.18655243679
2017-05-01,2017-05-31,Average of 7 City,All Residential,487130.3544406819,2406.7397007923573,-10430.43163930421
2017-06-01,2017-06-30,Average of 7 City,All Residential,496806.30916243186,9675.954721749935,7269.2150209575775
2017-07-01,2017-07-31,Average of 7 City,All Residential,491059.1827152061,-5747.126447225746,-15423.081168975681
2017-08-01,2017-08-31,Average of 7 City,All Residential,491042.0609560974,-17.121759108733386,5730.004688117013
2017-09-01,2017-09-30,Average of 7 City,All Residential,484942.14203123417,-6099.918924863217,-6082.797165754484
2017-10-01,2017-10-31,Average of 7 City,All Residential,491835.1447115364,6893.002680302248,12992.921605165466
2017-11-01,2017-11-30,Average of 7 City,All Residential,501447.18036818795,9612.03565665154,2719.032976349292
2017-12-01,2017-12-31,Average of 7 City,All Residential,509352.83504403423,7905.654675846279,-1706.380980805261
2018-01-01,2018-01-31,Average of 7 City,All Residential,508340.91443110275,-1011.9206129314844,-8917.575288777763
2018-02-01,2018-02-28,Average of 7 City,All Residential,513887.82427466835,5546.909843565605,6558.8304564970895
2018-03-01,2018-03-31,Average of 7 City,All Residential,523219.0130393148,9331.188764646475,3784.2789210808696
2018-04-01,2018-04-30,Average of 7 City,All Residential,525564.4837421232,2345.4707028084085,-6985.718061838066
2018-05-01,2018-05-31,Average of 7 City,All Residential,525122.111385615,-442.3723565082764,-2787.843059316685
2018-06-01,2018-06-30,Average of 7 City,All Residential,530191.2026397494,5069.09125413443,5511.463610642706
2018-07-01,2018-07-31,Average of 7 City,All Residential,528028.6744282765,-2162.5282114729052,-7231.619465607335
2018-08-01,2018-08-31,Average of 7 City,All Residential,524412.3787043485,-3616.295723928022,-1453.767512455117
2018-09-01,2018-09-30,Average of 7 City,All Residential,525361.6296208821,949.2509165336378,4565.54664046166
2018-10-01,2018-10-31,Average of 7 City,All Residential,521323.3969783757,-4038.232642506424,-4987.483559040062
2018-11-01,2018-11-30,Average of 7 City,All Residential,513879.88865491573,-7443.508323459944,-3405.2756809535204
2018-12-01,2018-12-31,Average of 7 City,All Residential,519616.9723997389,5737.083744823176,13180.59206828312
2019-01-01,2019-01-31,Average of 7 City,All Residential,501717.5399455936,-17899.43245414528,-23636.516198968457
2019-02-01,2019-02-28,Average of 7 City,All Residential,504654.15410080046,2936.6141552068293,20836.04660935211
2019-03-01,2019-03-31,Average of 7 City,All Residential,522109.21955548454,17455.06545468408,14518.451299477252
2019-04-01,2019-04-30,Average of 7 City,All Residential,529514.7489191765,7405.529363691981,-10049.5360909921
2019-05-01,2019-05-31,Average of 7 City,All Residential,545924.8382833285,16410.089364151936,9004.560000459955
2019-06-01,2019-06-30,Average of 7 City,All Residential,542350.4667589257,-3574.3715244027553,-19984.46088855469
2019-07-01,2019-07-31,Average of 7 City,All Residential,536699.4480850919,-5651.018673833809,-2076.6471494310535
2019-08-01,2019-08-31,Average of 7 City,All Residential,534872.5084258865,-1826.9396592053818,3824.079014628427
2019-09-01,2019-09-30,Average of 7 City,All Residential,529741.6713575503,-5130.837068336201,-3303.897409130819
2019-10-01,2019-10-31,Average of 7 City,All Residential,534874.5567244011,5132.885366850765,10263.722435186966
2019-11-01,2019-11-30,Average of 7 City,All Residential,531561.066960152,-3313.4897642490687,-8446.375131099834
2019-12-01,2019-12-31,Average of 7 City,All Residential,529668.1975876798,-1892.869372472167,1420.6203917769017
2020-01-01,2020-01-31,Average of 7 City,All Residential,532986.1811609248,3317.983573245001,5210.852945717168
2020-02-01,2020-02-29,Average of 7 City,All Residential,545087.5827795591,12101.401618634234,8783.418045389233
2020-03-01,2020-03-31,Average of 7 City,All Residential,557776.4340651714,12688.851285612327,587.4496669780929
2020-04-01,2020-04-30,Average of 7 City,All Residential,546788.4806531902,-10987.95341198123,-23676.804697593558
2020-05-01,2020-05-31,Average of 7 City,All Residential,553590.1827085364,6801.702055346221,17789.65546732745
2020-06-01,2020-06-30,Average of 7 City,All Residential,563776.1633046945,10185.980596158071,3384.2785408118507
2020-07-01,2020-07-31,Average of 7 City,All Residential,564164.4550188824,388.2917141879443,-9797.688881970127
2020-08-01,2020-08-31,Average of 7 City,All Residential,581642.8149882216,17478.359969339217,17090.068255151273
2020-09-01,2020-09-30,Average of 7 City,All Residential,578832.5562327151,-2810.258755506482,-20288.6187248457
2020-10-01,2020-10-31,Average of 7 City,All Residential,575628.1380063955,-3204.418226319598,-394.15947081311606
2020-11-01,2020-11-30,Average of 7 City,All Residential,574352.9594717324,-1275.178534663166,1929.2396916564321
2020-12-01,2020-12-31,Average of 7 City,All Residential,573917.5934602662,-435.3660114661325,839.8125231970334
2021-01-01,2021-01-31,Average of 7 City,All Residential,580074.6288259157,6157.035365649499,6592.4013771156315
2021-02-01,2021-02-28,Average of 7 City,All Residential,584997.3810312856,4922.752205369878,-1234.2831602796214
2021-03-01,2021-03-31,Average of 7 City,All Residential,604311.3303437721,19313.949312486453,14391.197107116575
2021-04-01,2021-04-30,Average of 7 City,All Residential,630585.6162165356,26274.28587276349,6960.3365602770355
2021-05-01,2021-05-31,Average of 7 City,All Residential,632142.3515096677,1556.7352931321366,-24717.550579631352
2021-06-01,2021-06-30,Average of 7 City,All Residential,653359.1768558242,21216.82534615649,19660.090053024353
2021-07-01,2021-07-31,Average of 7 City,All Residential,656664.5998240921,3305.422968267929,-17911.40237788856
2021-08-01,2021-08-31,Average of 7 City,All Residential,645622.1312704821,-11042.46855361003,-14347.891521877958
2021-09-01,2021-09-30,Average of 7 City,All Residential,642784.3823214808,-2837.7489490013104,8204.71960460872
2021-10-01,2021-10-31,Average of 7 City,All Residential,645744.8767925472,2960.4944710663985,5798.243420067709
2021-11-01,2021-11-30,Average of 7 City,All Residential,659957.5979821217,14212.721189574571,11252.226718508173
2021-12-01,2021-12-31,Average of 7 City,All Residential,654314.8398146105,-5642.7581675112015,-19855.479357085773
2022-01-01,2022-01-31,Average of 7 City,All Residential,651182.6199080058,-3132.2199066047324,2510.538260906469
2022-02-01,2022-02-28,Average of 7 City,All Residential,670988.192345946,19805.572437940165,22937.792344544898
2022-03-01,2022-03-31,Average of 7 City,All Residential,683464.971565859,12476.779219913064,-7328.793218027102
2022-04-01,2022-04-30,Average of 7 City,All Residential,706624.7067209532,23159.735155094182,10682.955935181119
2022-05-01,2022-05-31,Average of 7 City,All Residential,699583.0365153638,-7041.670205589384,-30201.405360683566
2022-06-01,2022-06-30,Average of 7 City,All Residential,694833.4099013613,-4749.626614002511,2292.043591586873
2022-07-01,2022-07-31,Average of 7 City,All Residential,678650.3961167271,-16183.013784634182,-11433.387170631671
2022-08-01,2022-08-31,Average of 7 City,All Residential,658644.0448326564,-20006.351284070755,-3823.337499436573
2022-09-01,2022-09-30,Average of 7 City,All Residential,669887.5106538825,11243.465821226127,31249.817105296883
2022-10-01,2022-10-31,Average of 7 City,All Residential,662981.9497201679,-6905.560933714616,-18149.026754940744
2022-11-01,2022-11-30,Average of 7 City,All Residential,650682.0512978409,-12299.898422327009,-5394.337488612393
2022-12-01,2022-12-31,Average of 7 City,All Residential,629408.7660326917,-21273.2852651492,-8973.38684282219
2023-01-01,2023-01-31,Average of 7 City,All Residential,630392.9011242482,984.135091556469,22257.42035670567
2023-02-01,2023-02-28,Average of 7 City,All Residential,641590.6400821365,11197.73895788833,10213.603866331861
2023-03-01,2023-03-31,Average of 7 City,All Residential,650957.1551923313,9366.5151101948,-1831.2238476935308
2023-04-01,2023-04-30,Average of 7 City,All Residential,655175.2810441573,4218.125851826044,-5148.389258368756
2023-05-01,2023-05-31,Average of 7 City,All Residential,673393.6578910777,18218.37684692035,14000.250995094306
2023-06-01,2023-06-30,Average of 7 City,All Residential,685581.8355872473,12188.177696169587,-6030.199150750763
2023-07-01,2023-07-31,Average of 7 City,All Residential,680018.7862630105,-5563.04932423681,-17751.227020406397
2023-08-01,2023-08-31,Average of 7 City,All Residential,686964.2847600329,6945.498497022432,12508.547821259242
2023-09-01,2023-09-30,Average of 7 City,All Residential,676445.346746954,-10518.938013078878,-17464.43651010131
2023-10-01,2023-10-31,Average of 7 City,All Residential,678078.5716526546,1633.2249057005392,12152.162918779417
2023-11-01,2023-11-30,Average of 7 City,All Residential,673107.8434293919,-4970.728223262704,-6603.953128963243
2023-12-01,2023-12-31,Average of 7 City,All Residential,653244.1755381621,-19863.667891229736,-14892.939667967032
2024-01-01,2024-01-31,Average of 7 City,All Residential,676114.4527721722,22870.27723401005,42733.945125239785
2024-02-01,2024-02-29,Average of 7 City,All Residential,672402.5250522083,-3711.927719963831,-26582.20495397388
2024-03-01,2024-03-31,Average of 7 City,All Residential,700157.01637599,27754.491323781665,31466.419043745496
2024-04-01,2024-04-30,Average of 7 City,All Residential,701846.6711059362,1689.6547299461672,-26064.8365938355
2024-05-01,2024-05-31,Average of 7 City,All Residential,700703.6958084574,-1142.9752974787261,-2832.6300274248933
2024-06-01,2024-06-30,Average of 7 City,All Residential,710484.0810483964,9780.385239938973,10923.360537417699
2024-07-01,2024-07-31,Average of 7 City,All Residential,706081.9897960305,-4402.0912523659645,-14182.476492304937
2024-08-01,2024-08-31,Average of 7 City,All Residential,691627.7001920579,-14454.289603972575,-10052.19835160661
2024-09-01,2024-09-30,Average of 7 City,All Residential,696717.484167498,5089.7839754400775,19544.073579412652
2024-10-01,2024-10-31,Average of 7 City,All Residential,706990.4839657673,10272.99979826936,5183.215822829283
2024-11-01,2024-11-30,Average of 7 City,All Residential,703219.2512794042,-3771.2326863631606,-14044.232484632521
2024-12-01,2024-12-31,Average of 7 City,All Residential,697913.2457340425,-5306.005545361666,-1534.7728589985054
2025-01-01,2025-01-31,Average of 7 City,All Residential,696315.7174439753,-1597.5282900672173,3708.4772552944487
2025-02-01,2025-02-28,Average of 7 City,All Residential,710335.8268544265,14020.10941045126,15617.637700518477
2025-03-01,2025-03-31,Average of 7 City,All Residential,704152.7663980611,-6183.060456365463,-20203.169866816723
2025-04-01,2025-04-30,Average of 7 City,All Residential,716078.7243249429,11925.957926881849,18109.018383247312
2025-05-01,2025-05-31,Average of 7 City,All Residential,724137.0030909625,8058.278766019619,-3867.6791608622298
2025-06-01,2025-06-30,Average of 7 City,All Residential,728425.6011668202,4288.598075857619,-3769.6806901620002
2025-07-01,2025-07-31,Average of 7 City,All Residential,709280.4248173941,-19145.176349426038,-23433.774425283656
2025-08-01,2025-08-31,Average of 7 City,All Residential,711188.685915224,1908.2610978299053,21053.437447255943
2025-09-01,2025-09-30,Average of 7 City,All Residential,704977.3134072734,-6211.37250795064,-8119.633605780546
2025-10-01,2025-10-31,Average of 7 City,All Residential,714694.7750995348,9717.461692261393,15928.834200212033
2025-11-01,2025-11-30,Average of 7 City,All Residential,712335.9076679985,-2358.867431536317,-12076.32912379771
2025-12-01,2025-12-31,Average of 7 City,All Residential,707416.6305106396,-4919.277157358825,-2560.4097258225083
2012-02-01,2012-02-29,Boston,All Residential,303544.2806555825,-5616.218409852532,
2012-03-01,2012-03-31,Boston,All Residential,313074.6435728645,9530.362917281978,15146.58132713451
2012-04-01,2012-04-30,Boston,All Residential,324787.8654949885,11713.221922124038,2182.859004842059
2012-05-01,2012-05-31,Boston,All Residential,334923.261319414,10135.395824425505,-1577.826097698533
2012-06-01,2012-06-30,Boston,All Residential,358074.657782109,23151.396462694975,13016.00063826947
2012-07-01,2012-07-31,Boston,All Residential,347889.6076926025,-10185.05008950649,-33336.446552201465
2012-08-01,2012-08-31,Boston,All Residential,346021.418475697,-1868.1892169055063,8316.860872600984
2012-09-01,2012-09-30,Boston,All Residential,335935.938133067,-10085.480342630006,-8217.2911257245
2012-10-01,2012-10-31,Boston,All Residential,330546.516204515,-5389.421928551979,4696.0584140780265
2012-11-01,2012-11-30,Boston,All Residential,338774.7439268545,8228.227722339507,13617.649650891486
2012-12-01,2012-12-31,Boston,All Residential,344020.7535519015,5246.00962504698,-2982.218097292527
2013-01-01,2013-01-31,Boston,All Residential,331265.3296513125,-12755.423900588998,-18001.433525635977
2013-02-01,2013-02-28,Boston,All Residential,331574.44799729204,309.11834597954294,13064.54224656854
2013-03-01,2013-03-31,Boston,All Residential,333356.1015003185,1781.653503026464,1472.535157046921
2013-04-01,2013-04-30,Boston,All Residential,351447.9468820045,18091.845381686,16310.191878659534
2013-05-01,2013-05-31,Boston,All Residential,359933.32245528896,8485.375573284458,-9606.46980840154
2013-06-01,2013-06-30,Boston,All Residential,373335.40794322954,13402.085487940582,4916.709914656123
2013-07-01,2013-07-31,Boston,All Residential,373364.979013584,29.571070354431868,-13372.51441758615
2013-08-01,2013-08-31,Boston,All Residential,375505.4895495415,2140.5105359575246,2110.9394656030927
2013-09-01,2013-09-30,Boston,All Residential,370991.207172958,-4514.282376583491,-6654.7929125410155
2013-10-01,2013-10-31,Boston,All Residential,365865.6622597225,-5125.544913235528,-611.2625366520369
2013-11-01,2013-11-30,Boston,All Residential,365217.3685577675,-648.2937019550009,4477.251211280527
2013-12-01,2013-12-31,Boston,All Residential,372635.7876003855,7418.419042618014,8066.712744573015
2014-01-01,2014-01-31,Boston,All Residential,371155.629111366,-1480.1584890194936,-8898.577531637507
2014-02-01,2014-02-28,Boston,All Residential,354976.2895286975,-16179.339582668501,-14699.181093649007
2014-03-01,2014-03-31,Boston,All Residential,370764.565637826,15788.276109128492,31967.615691796993
2014-04-01,2014-04-30,Boston,All Residential,368600.189197788,-2164.376440037973,-17952.652549166465
2014-05-01,2014-05-31,Boston,All Residential,379855.489276741,11255.300078952976,13419.67651899095
2014-06-01,2014-06-30,Boston,All Residential,395536.78639239946,15681.297115658468,4425.997036705492
2014-07-01,2014-07-31,Boston,All Residential,392167.5786748165,-3369.2077175829327,-19050.5048332414
2014-08-01,2014-08-31,Boston,All Residential,390597.481436926,-1570.097237890528,1799.1104796924046
2014-09-01,2014-09-30,Boston,All Residential,378574.874373857,-12022.607063069008,-10452.50982517848
2014-10-01,2014-10-31,Boston,All Residential,375876.84737232653,-2698.027001530456,9324.580061538552
2014-11-01,2014-11-30,Boston,All Residential,384023.46695161646,8146.619579289923,10844.64658082038
2014-12-01,2014-12-31,Boston,All Residential,392018.96927401354,7995.502322397078,-151.11725689284503
2015-01-01,2015-01-31,Boston,All Residential,390785.133337842,-1233.8359361715266,-9229.338258568605
2015-02-01,2015-02-28,Boston,All Residential,382919.778306238,-7865.3550316040055,-6631.519095432479
2015-03-01,2015-03-31,Boston,All Residential,382411.65437541204,-508.1239308259683,7357.231100778037
2015-04-01,2015-04-30,Boston,All Residential,385902.79640086996,3491.142025457928,3999.2659562838962
2015-05-01,2015-05-31,Boston,All Residential,399526.067962645,13623.271561775007,10132.12953631708
2015-06-01,2015-06-30,Boston,All Residential,409023.37637408846,9497.30841144349,-4125.963150331518
2015-07-01,2015-07-31,Boston,All Residential,411863.4511745085,2840.0748004200286,-6657.233611023461
2015-08-01,2015-08-31,Boston,All Residential,410784.8977089765,-1078.5534655319643,-3918.628265951993
2015-09-01,2015-09-30,Boston,All Residential,397059.349074826,-13725.548634150531,-12646.995168618567
2015-10-01,2015-10-31,Boston,All Residential,396087.209716795,-972.1393580309814,12753.40927611955
2015-11-01,2015-11-30,Boston,All Residential,402809.0801085155,6721.870391720498,7694.00974975148
2015-12-01,2015-12-31,Boston,All Residential,403083.7605766835,274.68046816799324,-6447.189923552505
2016-01-01,2016-01-31,Boston,All Residential,400843.1730573785,-2240.5875193050015,-2515.2679874729947
2016-02-01,2016-02-29,Boston,All Residential,390300.589812808,-10542.583244570531,-8301.99572526553
2016-03-01,2016-03-31,Boston,All Residential,397220.767024434,6920.177211626025,17462.760456196556
2016-04-01,2016-04-30,Boston,All Residential,415203.30813318654,17982.541108752543,11062.363897126517
2016-05-01,2016-05-31,Boston,All Residential,418983.5083466815,3780.2002134949435,-14202.3408952576
2016-06-01,2016-06-30,Boston,All Residential,433010.0977413525,14026.589394671028,10246.389181176084
2016-07-01,2016-07-31,Boston,All Residential,431618.3440358635,-1391.7537054889835,-15418.343100160011
2016-08-01,2016-08-31,Boston,All Residential,429105.9663627045,-2512.377673159004,-1120.6239676700206
2016-09-01,2016-09-30,Boston,All Residential,421456.6298147755,-7649.336547929037,-5136.958874770033
2016-10-01,2016-10-31,Boston,All Residential,421236.32212590997,-220.3076888655196,7429.028859063517
2016-11-01,2016-11-30,Boston,All Residential,430080.597166866,8844.27504095604,9064.582729821559
2016-12-01,2016-12-31,Boston,All Residential,424320.984236027,-5759.612930839008,-14603.887971795048
2017-01-01,2017-01-31,Boston,All Residential,428523.341975561,4202.357739533996,9961.970670373004
2017-02-01,2017-02-28,Boston,All Residential,415673.1532036885,-12850.18877187249,-17052.546511406486
2017-03-01,2017-03-31,Boston,All Residential,437029.7772493575,21356.624045668985,34206.812817541475
2017-04-01,2017-04-30,Boston,All Residential,445071.760477167,8041.983227809484,-13314.640817859501
2017-05-01,2017-05-31,Boston,All Residential,448175.2545841465,3103.494106979517,-4938.489120829967
2017-06-01,2017-06-30,Boston,All Residential,458935.67625662254,10760.421672476048,7656.927565496531
2017-07-01,2017-07-31,Boston,All Residential,461098.7751550775,2163.0988984549767,-8597.322774021071
2017-08-01,2017-08-31,Boston,All Residential,456253.0709832735,-4845.704171804013,-7008.8030702589895
2017-09-01,2017-09-30,Boston,All Residential,452199.63567391003,-4053.435309363471,792.2688624405419
2017-10-01,2017-10-31,Boston,All Residential,452091.9474571685,-107.68821674154606,3945.747092621925
2017-11-01,2017-11-30,Boston,All Residential,458739.3118191465,6647.36436197802,6755.052578719566
2017-12-01,2017-12-31,Boston,All Residential,460831.12995598104,2091.8181368345395,-4555.54622514348
2018-01-01,2018-01-31,Boston,All Residential,461871.72253759403,1040.5925816129893,-1051.2255552215502
2018-02-01,2018-02-28,Boston,All Residential,456278.9127936905,-5592.809743903519,-6633.402325516508
2018-03-01,2018-03-31,Boston,All Residential,471194.6898243535,14915.777030662983,20508.586774566502
2018-04-01,2018-04-30,Boston,All Residential,482342.613096266,11147.9232719125,-3767.8537587504834
2018-05-01,2018-05-31,Boston,All Residential,486943.5847929185,4600.97169665253,-6546.951575259969
2018-06-01,2018-06-30,Boston,All Residential,496315.6664335015,9372.081640582997,4771.109943930467
2018-07-01,2018-07-31,Boston,All Residential,500161.0730192055,3845.406585703953,-5526.675054879044
2018-08-01,2018-08-31,Boston,All Residential,490944.834018732,-9216.239000473463,-13061.645586177416
2018-09-01,2018-09-30,Boston,All Residential,473190.773139534,-17754.06087919802,-8537.821878724557
2018-10-01,2018-10-31,Boston,All Residential,476845.636560319,3654.8634207849973,21408.924299983017
2018-11-01,2018-11-30,Boston,All Residential,479542.2620182155,2696.6254578965018,-958.2379628884955
2018-12-01,2018-12-31,Boston,All Residential,464823.2160784225,-14719.045939792995,-17415.671397689497
2019-01-01,2019-01-31,Boston,All Residential,480475.769609829,15652.553531406505,30371.5994711995
2019-02-01,2019-02-28,Boston,All Residential,470808.95317328104,-9666.81643654796,-25319.369967954466
2019-03-01,2019-03-31,Boston,All Residential,479908.5215618625,9099.56838858145,18766.38482512941
2019-04-01,2019-04-30,Boston,All Residential,482847.3321919285,2938.8106300660293,-6160.757758515421
2019-05-01,2019-05-31,Boston,All Residential,511250.615141175,28403.282949246466,25464.472319180437
2019-06-01,2019-06-30,Boston,All Residential,512470.6199059355,1220.0047647604952,-27183.27818448597
2019-07-01,2019-07-31,Boston,All Residential,515402.5039747725,2931.88406883704,1711.879304076545
2019-08-01,2019-08-31,Boston,All Residential,505995.3877644945,-9407.116210278007,-12339.000279115047
2019-09-01,2019-09-30,Boston,All Residential,493068.7148135195,-12926.672950975015,-3519.5567406970076
2019-10-01,2019-10-31,Boston,All Residential,491894.8589184135,-1173.8558951059822,11752.817055869033
2019-11-01,2019-11-30,Boston,All Residential,496894.48483028,4999.625911866489,6173.4818069724715
2019-12-01,2019-12-31,Boston,All Residential,507800.6677682485,10906.182937968464,5906.557026101975
2020-01-01,2020-01-31,Boston,All Residential,513464.279817911,5663.612049662508,-5242.570888305956
2020-02-01,2020-02-29,Boston,All Residential,512500.866375646,-963.4134422650095,-6627.025491927518
2020-03-01,2020-03-31,Boston,All Residential,526492.695431764,13991.829056118033,14955.242498383042
2020-04-01,2020-04-30,Boston,All Residential,534262.0381877475,7769.342755983467,-6222.486300134566
2020-05-01,2020-05-31,Boston,All Residential,521161.4791873455,-13100.55900040199,-20869.901756385458
2020-06-01,2020-06-30,Boston,All Residential,523707.51658624853,2546.0373989030486,15646.596399305039
2020-07-01,2020-07-31,Boston,All Residential,540682.210542682,16974.693956433446,14428.656557530398
2020-08-01,2020-08-31,Boston,All Residential,559440.0767846911,18757.8662420091,1783.1722855756525
2020-09-01,2020-09-30,Boston,All Residential,562968.1209274309,3528.0441427398473,-15229.822099269251
2020-10-01,2020-10-31,Boston,All Residential,557379.8342207579,-5588.286706672981,-9116.330849412829
2020-11-01,2020-11-30,Boston,All Residential,556122.4739688304,-1257.3602519275155,4330.926454745466
2020-12-01,2020-12-31,Boston,All Residential,559051.959370094,2929.485401263577,4186.845653191092
2021-01-01,2021-01-31,Boston,All Residential,567717.9639810196,8666.004610925564,5736.519209661987
2021-02-01,2021-02-28,Boston,All Residential,568317.905015624,599.941034604446,-8066.063576321118
2021-03-01,2021-03-31,Boston,All Residential,581064.2623974346,12746.35738181055,12146.416347206105
2021-04-01,2021-04-30,Boston,All Residential,596462.059395861,15397.796998426435,2651.439616615884
2021-05-01,2021-05-31,Boston,All Residential,608611.4170272264,12149.35763136542,-3248.439367061015
2021-06-01,2021-06-30,Boston,All Residential,629066.6551818125,20455.238154586055,8305.880523220636
2021-07-01,2021-07-31,Boston,All Residential,618633.055382028,-10433.599799784482,-30888.837954370538
2021-08-01,2021-08-31,Boston,All Residential,615060.3388756685,-3572.7165063595166,6860.883293424966
2021-09-01,2021-09-30,Boston,All Residential,608530.866879578,-6529.471996090491,-2956.7554897309747
2021-10-01,2021-10-31,Boston,All Residential,607953.832098868,-577.0347807100043,5952.437215380487
2021-11-01,2021-11-30,Boston,All Residential,617035.1823747355,9081.350275867502,9658.385056577506
2021-12-01,2021-12-31,Boston,All Residential,631159.549005109,14124.366630373523,5043.01635450602
2022-01-01,2022-01-31,Boston,All Residential,608103.0789811041,-23056.470024004928,-37180.83665437845
2022-02-01,2022-02-28,Boston,All Residential,615509.139258601,7406.06027749693,30462.530301501858
2022-03-01,2022-03-31,Boston,All Residential,640994.707407231,25485.568148629973,18079.507871133042
2022-04-01,2022-04-30,Boston,All Residential,669402.665783799,28407.958376568044,2922.390227938071
2022-05-01,2022-05-31,Boston,All Residential,675555.8407423475,6153.174958548509,-22254.783418019535
2022-06-01,2022-06-30,Boston,All Residential,680757.8016686125,5201.96092626499,-951.2140322835185
2022-07-01,2022-07-31,Boston,All Residential,669188.0619685994,-11569.739700013073,-16771.700626278063
2022-08-01,2022-08-31,Boston,All Residential,664427.018677268,-4761.043291331502,6808.6964086815715
2022-09-01,2022-09-30,Boston,All Residential,653032.269086701,-11394.749590566964,-6633.706299235462
2022-10-01,2022-10-31,Boston,All Residential,637859.3864530395,-15172.882633661502,-3778.133043094538
2022-11-01,2022-11-30,Boston,All Residential,647540.4976400125,9681.111186973052,24853.993820634554
2022-12-01,2022-12-31,Boston,All Residential,616904.2323537886,-30636.265286223963,-40317.376473197015
2023-01-01,2023-01-31,Boston,All Residential,624268.6708955141,7364.438541725511,38000.70382794947
2023-02-01,2023-02-28,Boston,All Residential,615843.4522562135,-8425.218639300554,-15789.657181026065
2023-03-01,2023-03-31,Boston,All Residential,653934.766025285,38091.31376907148,46516.53240837203
2023-04-01,2023-04-30,Boston,All Residential,663119.3548459986,9184.588820713572,-28906.724948357907
2023-05-01,2023-05-31,Boston,All Residential,685900.6303047155,22781.275458716904,13596.686638003332
2023-06-01,2023-06-30,Boston,All Residential,704248.990096176,18348.359791460563,-4432.91566725634
2023-07-01,2023-07-31,Boston,All Residential,715282.360238405,11033.370142228901,-7314.989649231662
2023-08-01,2023-08-31,Boston,All Residential,702242.5111040385,-13039.849134366494,-24073.219276595395
2023-09-01,2023-09-30,Boston,All Residential,689965.802914184,-12276.708189854398,763.1409445120953
2023-10-01,2023-10-31,Boston,All Residential,692871.387168509,2905.584254324902,15182.2924441793
2023-11-01,2023-11-30,Boston,All Residential,682859.98645338,-10011.400715128984,-12916.984969453886
2023-12-01,2023-12-31,Boston,All Residential,682776.3117800665,-83.67467331350781,9927.726041815476
2024-01-01,2024-01-31,Boston,All Residential,684723.7113169915,1947.3995369250188,2031.0742102385266
2024-02-01,2024-02-29,Boston,All Residential,687051.8137793764,2328.102462384966,380.70292545994744
2024-03-01,2024-03-31,Boston,All Residential,714865.2031725985,27813.389393222053,25485.286930837086
2024-04-01,2024-04-30,Boston,All Residential,708426.8958068294,-6438.307365769055,-34251.69675899111
2024-05-01,2024-05-31,Boston,All Residential,720467.3340689015,12040.438262072043,18478.745627841097
2024-06-01,2024-06-30,Boston,All Residential,744276.3043223885,23808.970253487,11768.531991414959
2024-07-01,2024-07-31,Boston,All Residential,730874.5095023084,-13401.794820080046,-37210.76507356705
2024-08-01,2024-08-31,Boston,All Residential,720333.4755736114,-10541.033928696997,2860.760891383048
2024-09-01,2024-09-30,Boston,All Residential,711635.856126924,-8697.6194466874,1843.4144820095971
2024-10-01,2024-10-31,Boston,All Residential,717930.4085420349,6294.552415110869,14992.17186179827
2024-11-01,2024-11-30,Boston,All Residential,718094.718647763,164.31010572810192,-6130.242309382767
2024-12-01,2024-12-31,Boston,All Residential,732867.4150556056,14772.696407842566,14608.386302114464
2025-01-01,2025-01-31,Boston,All Residential,733704.9464309434,837.5313753378578,-13935.165032504709
2025-02-01,2025-02-28,Boston,All Residential,727205.525060766,-6499.421370177413,-7336.952745515271
2025-03-01,2025-03-31,Boston,All Residential,728980.2074818055,1774.6824210394407,8274.103791216854
2025-04-01,2025-04-30,Boston,All Residential,745200.05277637,16219.845294564497,14445.162873525056
2025-05-01,2025-05-31,Boston,All Residential,759515.367492713,14315.31471634307,-1904.5305782214273
2025-06-01,2025-06-30,Boston,All Residential,770710.5346592185,11195.167166505475,-3120.147549837595
2025-07-01,2025-07-31,Boston,All Residential,755874.7497358546,-14835.784923363943,-26030.952089869417
2025-08-01,2025-08-31,Boston,All Residential,750500.6366302175,-5374.113105637021,9461.671817726921
2025-09-01,2025-09-30,Boston,All Residential,727745.7688604749,-22754.867769742617,-17380.754664105596
2025-10-01,2025-10-31,Boston,All Residential,743076.6001396875,15330.831279212609,38085.699048955226
2025-11-01,2025-11-30,Boston,All Residential,748161.720292537,5085.120152849471,-10245.711126363138
2025-12-01,2025-12-31,Boston,All Residential,737923.6158612645,-10238.104431272484,-15323.224584121956
2012-02-01,2012-02-29,Chicago,All Residential,147296.6110411445,-2579.798535101494,
2012-03-01,2012-03-31,Chicago,All Residential,153624.88336791098,6328.272326766484,8908.070861867978
2012-04-01,2012-04-30,Chicago,All Residential,155207.98694208398,1583.103574173001,-4745.168752593483
2012-05-01,2012-05-31,Chicago,All Residential,162743.60165108752,7535.614709003537,5952.511134830536
2012-06-01,2012-06-30,Chicago,All Residential,167674.8687057085,4931.267054620985,-2604.3476543825527
2012-07-01,2012-07-31,Chicago,All Residential,162071.3378643765,-5603.530841332016,-10534.797895953001
2012-08-01,2012-08-31,Chicago,All Residential,162526.010129932,454.6722655555059,6058.203106887522
2012-09-01,2012-09-30,Chicago,All Residential,159126.9523451865,-3399.057784745499,-3853.7300503010047
2012-10-01,2012-10-31,Chicago,All Residential,157784.46777966252,-1342.484565523977,2056.573219221522
2012-11-01,2012-11-30,Chicago,All Residential,159999.18396020902,2214.7161805465003,3557.200746070477
2012-12-01,2012-12-31,Chicago,All Residential,156658.497486346,-3340.6864738630247,-5555.402654409525
2013-01-01,2013-01-31,Chicago,All Residential,151410.44341351598,-5248.054072830011,-1907.3675989669864
2013-02-01,2013-02-28,Chicago,All Residential,151090.73539153248,-319.7080219835043,4928.346050846507
2013-03-01,2013-03-31,Chicago,All Residential,159282.3690090055,8191.6336174730095,8511.341639456514
2013-04-01,2013-04-30,Chicago,All Residential,170622.248261515,11339.879252509505,3148.2456350364955
2013-05-01,2013-05-31,Chicago,All Residential,176223.569779523,5601.321518008015,-5738.55773450149
2013-06-01,2013-06-30,Chicago,All Residential,192970.19258189,16746.622802366997,11145.301284358982
2013-07-01,2013-07-31,Chicago,All Residential,192400.962097336,-569.2304845539911,-17315.85328692099
2013-08-01,2013-08-31,Chicago,All Residential,190210.457463166,-2190.504634170007,-1621.274149616016
2013-09-01,2013-09-30,Chicago,All Residential,184410.5253250495,-5799.932138116506,-3609.427503946499
2013-10-01,2013-10-31,Chicago,All Residential,178670.381064117,-5740.144260932488,59.787877184018726
2013-11-01,2013-11-30,Chicago,All Residential,175825.4212337505,-2844.9598303665116,2895.184430565976
2013-12-01,2013-12-31,Chicago,All Residential,180670.846952827,4845.425719076506,7690.385549443017
2014-01-01,2014-01-31,Chicago,All Residential,174595.9967175125,-6074.850235314516,-10920.275954391022
2014-02-01,2014-02-28,Chicago,All Residential,170541.508291771,-4054.488425741496,2020.3618095730199
2014-03-01,2014-03-31,Chicago,All Residential,179006.0896030325,8464.581311261514,12519.06973700301
2014-04-01,2014-04-30,Chicago,All Residential,185653.12306761352,6647.033464581007,-1817.547846680507
2014-05-01,2014-05-31,Chicago,All Residential,201713.99617653,16060.87310891648,9413.839644335472
2014-06-01,2014-06-30,Chicago,All Residential,207040.5406319295,5326.544455399504,-10734.328653516975
2014-07-01,2014-07-31,Chicago,All Residential,209435.5224155435,2394.981783613999,-2931.562671785505
2014-08-01,2014-08-31,Chicago,All Residential,209079.467010171,-356.0554053724918,-2751.037188986491
2014-09-01,2014-09-30,Chicago,All Residential,197252.9027711235,-11826.564239047497,-11470.508833675005
2014-10-01,2014-10-31,Chicago,All Residential,191099.4138317965,-6153.488939327013,5673.075299720484
2014-11-01,2014-11-30,Chicago,All Residential,188943.59962083702,-2155.8142109594774,3997.674728367536
2014-12-01,2014-12-31,Chicago,All Residential,190440.451061884,1496.8514410469797,3652.665652006457
2015-01-01,2015-01-31,Chicago,All Residential,188118.1532817295,-2322.2977801545057,-3819.1492212014855
2015-02-01,2015-02-28,Chicago,All Residential,184537.9668030075,-3580.1864787219965,-1257.8886985674908
2015-03-01,2015-03-31,Chicago,All Residential,201846.82406932948,17308.857266321982,20889.04374504398
2015-04-01,2015-04-30,Chicago,All Residential,207045.4531845795,5198.62911525002,-12110.228151071962
2015-05-01,2015-05-31,Chicago,All Residential,214779.863867654,7734.4106830745,2535.7815678244806
2015-06-01,2015-06-30,Chicago,All Residential,221122.8559620925,6342.992094438494,-1391.4185886360065
2015-07-01,2015-07-31,Chicago,All Residential,218133.41127147048,-2989.444690622011,-9332.436785060505
2015-08-01,2015-08-31,Chicago,All Residential,216413.08338642248,-1720.3278850479983,1269.1168055740127
2015-09-01,2015-09-30,Chicago,All Residential,210224.857155579,-6188.226230843487,-4467.898345795489
2015-10-01,2015-10-31,Chicago,All Residential,204272.2317149305,-5952.625440648495,235.60079019499244
2015-11-01,2015-11-30,Chicago,All Residential,202790.431892446,-1481.7998224844923,4470.825618164003
2015-12-01,2015-12-31,Chicago,All Residential,206165.46245883248,3375.030566386471,4856.830388870963
2016-01-01,2016-01-31,Chicago,All Residential,200703.854280821,-5461.608178011491,-8836.638744397962
2016-02-01,2016-02-29,Chicago,All Residential,200712.7770374085,8.92275658750441,5470.530934598995
2016-03-01,2016-03-31,Chicago,All Residential,211829.8907807745,11117.113743366004,11108.1909867785
2016-04-01,2016-04-30,Chicago,All Residential,225583.5079353165,13753.617154542007,2636.5034111760033
2016-05-01,2016-05-31,Chicago,All Residential,227432.9880555215,1849.4801202050003,-11904.137034337007
2016-06-01,2016-06-30,Chicago,All Residential,233357.3103384255,5924.322282904002,4074.842162699002
2016-07-01,2016-07-31,Chicago,All Residential,232214.0017985565,-1143.3085398690018,-7067.630822773004
2016-08-01,2016-08-31,Chicago,All Residential,229196.696397139,-3017.305401417514,-1873.9968615485122
2016-09-01,2016-09-30,Chicago,All Residential,221146.1404590815,-8050.555938057485,-5033.250536639971
2016-10-01,2016-10-31,Chicago,All Residential,223597.60645926802,2451.4660001865122,10502.021938243997
2016-11-01,2016-11-30,Chicago,All Residential,221276.880053348,-2320.7264059200243,-4772.1924061065365
2016-12-01,2016-12-31,Chicago,All Residential,221464.89731486648,188.0172615184856,2508.74366743851
2017-01-01,2017-01-31,Chicago,All Residential,217919.649853028,-3545.247461838473,-3733.2647233569587
2017-02-01,2017-02-28,Chicago,All Residential,219019.389375421,1099.739522392978,4644.986984231451
2017-03-01,2017-03-31,Chicago,All Residential,234971.020719246,15951.631343825022,14851.891821432044
2017-04-01,2017-04-30,Chicago,All Residential,241044.49170537852,6073.47098613251,-9878.160357692512
2017-05-01,2017-05-31,Chicago,All Residential,241873.190482417,828.6987770384876,-5244.772209094022
2017-06-01,2017-06-30,Chicago,All Residential,242641.2330204785,768.0425380615052,-60.65623897698242
2017-07-01,2017-07-31,Chicago,All Residential,241414.0508992945,-1227.1821211840142,-1995.2246592455194
2017-08-01,2017-08-31,Chicago,All Residential,236123.5717088515,-5290.479190443002,-4063.297069258988
2017-09-01,2017-09-30,Chicago,All Residential,234898.5581587505,-1225.0135501009936,4065.4656403420086
2017-10-01,2017-10-31,Chicago,All Residential,229958.9543707355,-4939.603788014996,-3714.5902379140025
2017-11-01,2017-11-30,Chicago,All Residential,230673.54363500798,714.5892642724793,5654.193052287475
2017-12-01,2017-12-31,Chicago,All Residential,233776.100581353,3102.556946345023,2387.9676820725435
2018-01-01,2018-01-31,Chicago,All Residential,234647.225555785,871.1249744319939,-2231.431971913029
2018-02-01,2018-02-28,Chicago,All Residential,238496.570847004,3849.3452912190114,2978.2203167870175
2018-03-01,2018-03-31,Chicago,All Residential,244564.60467570298,6068.033828698972,2218.6885374799604
2018-04-01,2018-04-30,Chicago,All Residential,246090.94749260548,1526.3428169024992,-4541.691011796473
2018-05-01,2018-05-31,Chicago,All Residential,247379.880572923,1288.9330803175108,-237.40973658498842
2018-06-01,2018-06-30,Chicago,All Residential,253708.6090045975,6328.728431674506,5039.7953513569955
2018-07-01,2018-07-31,Chicago,All Residential,247480.36424630048,-6228.24475829702,-12556.973189971526
2018-08-01,2018-08-31,Chicago,All Residential,241465.4231525155,-6014.94109378499,213.30366451203008
2018-09-01,2018-09-30,Chicago,All Residential,241191.79046971851,-273.63268279697513,5741.308410988015
2018-10-01,2018-10-31,Chicago,All Residential,237211.4420503075,-3980.3484194110206,-3706.7157366140455
2018-11-01,2018-11-30,Chicago,All Residential,240184.13801031501,2972.6959600075206,6953.044379418541
2018-12-01,2018-12-31,Chicago,All Residential,235344.644602299,-4839.4934080160165,-7812.189368023537
2019-01-01,2019-01-31,Chicago,All Residential,234544.1811241345,-800.4634781644854,4039.029929851531
2019-02-01,2019-02-28,Chicago,All Residential,240087.4988828165,5543.31775868198,6343.781236846466
2019-03-01,2019-03-31,Chicago,All Residential,241867.18448645598,1779.6856036394893,-3763.632155042491
2019-04-01,2019-04-30,Chicago,All Residential,248643.642823956,6776.458337500022,4996.772733860533
2019-05-01,2019-05-31,Chicago,All Residential,254146.5665598245,5502.923735868506,-1273.5346016315161
2019-06-01,2019-06-30,Chicago,All Residential,254377.189986416,230.6234265914827,-5272.300309277023
2019-07-01,2019-07-31,Chicago,All Residential,253980.9288197175,-396.2611666985031,-626.8845932899858
2019-08-01,2019-08-31,Chicago,All Residential,250358.97019231302,-3621.9586274044705,-3225.6974607059674
2019-09-01,2019-09-30,Chicago,All Residential,244482.59950632352,-5876.370685989503,-2254.4120585850324
2019-10-01,2019-10-31,Chicago,All Residential,244567.9189263185,85.3194199949794,5961.690105984482
2019-11-01,2019-11-30,Chicago,All Residential,247134.33445894398,2566.415532625484,2481.0961126305046
2019-12-01,2019-12-31,Chicago,All Residential,247271.98654114298,137.65208219899796,-2428.763450426486
2020-01-01,2020-01-31,Chicago,All Residential,243553.7997934315,-3718.186747711472,-3855.83882991047
2020-02-01,2020-02-29,Chicago,All Residential,249380.494121647,5826.694328215497,9544.881075926969
2020-03-01,2020-03-31,Chicago,All Residential,263532.87379203853,14152.379670391529,8325.685342176032
2020-04-01,2020-04-30,Chicago,All Residential,267711.2759810085,4178.402188969951,-9973.977481421578
2020-05-01,2020-05-31,Chicago,All Residential,257753.6454299665,-9957.630551041977,-14136.032740011928
2020-06-01,2020-06-30,Chicago,All Residential,257499.844401984,-253.80102798249573,9703.829523059481
2020-07-01,2020-07-31,Chicago,All Residential,274103.74737563846,16603.902973654447,16857.704001636943
2020-08-01,2020-08-31,Chicago,All Residential,281446.516679689,7342.76930405054,-9261.133669603907
2020-09-01,2020-09-30,Chicago,All Residential,278727.61018497846,-2718.906494710536,-10061.675798761076
2020-10-01,2020-10-31,Chicago,All Residential,279213.16858400847,485.5583990300074,3204.4648937405436
2020-11-01,2020-11-30,Chicago,All Residential,275830.3991506665,-3382.7694333419786,-3868.327832371986
2020-12-01,2020-12-31,Chicago,All Residential,276522.999559269,692.6004086025059,4075.3698419444845
2021-01-01,2021-01-31,Chicago,All Residential,279320.7742356225,2797.774676353496,2105.17426775099
2021-02-01,2021-02-28,Chicago,All Residential,282029.6377305875,2708.863494965015,-88.91118138848105
2021-03-01,2021-03-31,Chicago,All Residential,297912.3875915675,15882.749860979966,13173.88636601495
2021-04-01,2021-04-30,Chicago,All Residential,304719.55399391253,6807.166402345058,-9075.583458634908
2021-05-01,2021-05-31,Chicago,All Residential,306795.0419114725,2075.487917559978,-4731.6784847850795
2021-06-01,2021-06-30,Chicago,All Residential,308381.81027566653,1586.768364194024,-488.7195533659542
2021-07-01,2021-07-31,Chicago,All Residential,305187.310888721,-3194.4993869455066,-4781.26775113953
2021-08-01,2021-08-31,Chicago,All Residential,301913.34084898396,-3273.9700397370616,-79.47065279155504
2021-09-01,2021-09-30,Chicago,All Residential,295459.58481955854,-6453.756029425422,-3179.78598968836
2021-10-01,2021-10-31,Chicago,All Residential,297376.450149146,1916.8653295874828,8370.621359012905
2021-11-01,2021-11-30,Chicago,All Residential,298705.308976609,1328.858827463002,-588.0065021244809
2021-12-01,2021-12-31,Chicago,All Residential,298661.83641017554,-43.472566433483735,-1372.3313938964857
2022-01-01,2022-01-31,Chicago,All Residential,299743.90146015,1082.0650499744806,1125.5376164079644
2022-02-01,2022-02-28,Chicago,All Residential,298889.774017261,-854.127442889032,-1936.1924928635126
2022-03-01,2022-03-31,Chicago,All Residential,308853.11732089,9963.343303629023,10817.470746518055
2022-04-01,2022-04-30,Chicago,All Residential,320311.8931539315,11458.775833041465,1495.4325294124428
2022-05-01,2022-05-31,Chicago,All Residential,320263.8126673515,-48.080486579972785,-11506.856319621438
2022-06-01,2022-06-30,Chicago,All Residential,327171.0501023795,6907.237435028015,6955.317921607988
2022-07-01,2022-07-31,Chicago,All Residential,317565.72914676496,-9605.32095561456,-16512.558390642575
2022-08-01,2022-08-31,Chicago,All Residential,306993.97909904097,-10571.750047723996,-966.4290921094362
2022-09-01,2022-09-30,Chicago,All Residential,306871.027308794,-122.9517902469961,10448.798257477
2022-10-01,2022-10-31,Chicago,All Residential,304564.79409382946,-2306.233214964508,-2183.281424717512
2022-11-01,2022-11-30,Chicago,All Residential,299395.69167908654,-5169.102414742927,-2862.869199778419
2022-12-01,2022-12-31,Chicago,All Residential,294259.087288181,-5136.60439090553,32.49802383739734
2023-01-01,2023-01-31,Chicago,All Residential,295094.440074854,835.3527866730001,5971.95717757853
2023-02-01,2023-02-28,Chicago,All Residential,298245.652515481,3151.212440626987,2315.8596539539867
2023-03-01,2023-03-31,Chicago,All Residential,307969.6234976315,9723.970982150524,6572.758541523537
2023-04-01,2023-04-30,Chicago,All Residential,313978.9437389815,6009.320241349982,-3714.650740800542
2023-05-01,2023-05-31,Chicago,All Residential,322134.6800728255,8155.736333844019,2146.416092494037
2023-06-01,2023-06-30,Chicago,All Residential,331802.57021918346,9667.890146357939,1512.1538125139195
2023-07-01,2023-07-31,Chicago,All Residential,329809.34160321846,-1993.2286159649957,-11661.118762322934
2023-08-01,2023-08-31,Chicago,All Residential,331240.613899566,1431.272296347539,3424.5009123125346
2023-09-01,2023-09-30,Chicago,All Residential,321844.8785388225,-9395.735360743478,-10827.007657091017
2023-10-01,2023-10-31,Chicago,All Residential,319587.295075602,-2257.583463220508,7138.15189752297
2023-11-01,2023-11-30,Chicago,All Residential,324489.7782338605,4902.483158258488,7160.066621478996
2023-12-01,2023-12-31,Chicago,All Residential,315618.0544191255,-8871.723814735014,-13774.206972993503
2024-01-01,2024-01-31,Chicago,All Residential,321775.2729378335,6157.218518708018,15028.942333443032
2024-02-01,2024-02-29,Chicago,All Residential,326333.0831327745,4557.810194941005,-1599.408323767013
2024-03-01,2024-03-31,Chicago,All Residential,338035.314151244,11702.231018469494,7144.42082352849
2024-04-01,2024-04-30,Chicago,All Residential,343299.51760281646,5264.203451572452,-6438.027566897043
2024-05-01,2024-05-31,Chicago,All Residential,347530.934321729,4231.416718912544,-1032.786732659908
2024-06-01,2024-06-30,Chicago,All Residential,361943.904870804,14412.970549074991,10181.553830162447
2024-07-01,2024-07-31,Chicago,All Residential,357006.017764759,-4937.887106044975,-19350.857655119966
2024-08-01,2024-08-31,Chicago,All Residential,348565.6537682095,-8440.36399654951,-3502.476890504535
2024-09-01,2024-09-30,Chicago,All Residential,351005.53965095547,2439.8858827459626,10880.249879295472
2024-10-01,2024-10-31,Chicago,All Residential,344751.8327577805,-6253.706893174967,-8693.59277592093
2024-11-01,2024-11-30,Chicago,All Residential,352051.34560656396,7299.512848783459,13553.219741958426
2024-12-01,2024-12-31,Chicago,All Residential,349127.0379810655,-2924.307625498448,-10223.820474281907
2025-01-01,2025-01-31,Chicago,All Residential,345531.5459867085,-3595.4919943570276,-671.1843688585795
2025-02-01,2025-02-28,Chicago,All Residential,352453.776963064,6922.230976355495,10517.722970712523
2025-03-01,2025-03-31,Chicago,All Residential,359434.3945484125,6980.617585348547,58.386608993052505
2025-04-01,2025-04-30,Chicago,All Residential,364370.4478413835,4936.053292970988,-2044.5642923775595
2025-05-01,2025-05-31,Chicago,All Residential,367743.8225415445,3373.374700160988,-1562.6785928099998
2025-06-01,2025-06-30,Chicago,All Residential,371893.16899311147,4149.346451566962,775.9717514059739
2025-07-01,2025-07-31,Chicago,All Residential,368077.911838286,-3815.2571548254928,-7964.603606392455
2025-08-01,2025-08-31,Chicago,All Residential,370639.0771903905,2561.1653521045228,6376.4225069300155
2025-09-01,2025-09-30,Chicago,All Residential,362888.65124705853,-7750.425943331968,-10311.59129543649
2025-10-01,2025-10-31,Chicago,All Residential,369743.80755342846,6855.156306369929,14605.582249701896
2025-11-01,2025-11-30,Chicago,All Residential,363683.0494101825,-6060.758143245941,-12915.91444961587
2025-12-01,2025-12-31,Chicago,All Residential,363291.29816221504,-391.75124796747696,5669.006895278464
2012-02-01,2012-02-29,Denver,All Residential,201730.37538334652,238.63736514752964,
2012-03-01,2012-03-31,Denver,All Residential,212901.7117084215,11171.336325074983,10932.698959927453
2012-04-01,2012-04-30,Denver,All Residential,224333.81693306548,11432.10522464398,260.76889956899686
2012-05-01,2012-05-31,Denver,All Residential,232291.779004593,7957.962071527523,-3474.1431531164562
2012-06-01,2012-06-30,Denver,All Residential,238442.51117103448,6150.732166441478,-1807.2299050860456
2012-07-01,2012-07-31,Denver,All Residential,236027.440345656,-2415.0708253784687,-8565.802991819946
2012-08-01,2012-08-31,Denver,All Residential,234201.9693176055,-1825.4710280505242,589.5997973279445
2012-09-01,2012-09-30,Denver,All Residential,236100.7017726895,1898.732455084013,3724.2034831345372
2012-10-01,2012-10-31,Denver,All Residential,236752.2978255165,651.5960528269934,-1247.1364022570197
2012-11-01,2012-11-30,Denver,All Residential,235738.92509109952,-1013.3727344169747,-1664.968787243968
2012-12-01,2012-12-31,Denver,All Residential,234842.766168716,-896.1589223835035,117.21381203347119
2013-01-01,2013-01-31,Denver,All Residential,234373.21632095252,-469.5498477634974,426.60907462000614
2013-02-01,2013-02-28,Denver,All Residential,239343.49988200748,4970.283561054966,5439.833408818464
2013-03-01,2013-03-31,Denver,All Residential,247482.945102482,8139.445220474503,3169.1616594195366
2013-04-01,2013-04-30,Denver,All Residential,249841.486026114,2358.540923632012,-5780.904296842491
2013-05-01,2013-05-31,Denver,All Residential,253722.0600698345,3880.574043720495,1522.033120088483
2013-06-01,2013-06-30,Denver,All Residential,253447.61532216799,-274.4447476665082,-4155.018791387003
2013-07-01,2013-07-31,Denver,All Residential,258972.126701024,5524.511378856027,5798.956126522535
2013-08-01,2013-08-31,Denver,All Residential,254282.943256081,-4689.183444943017,-10213.694823799044
2013-09-01,2013-09-30,Denver,All Residential,256326.83944609598,2043.896190014988,6733.079634958005
2013-10-01,2013-10-31,Denver,All Residential,251020.8810443115,-5305.958401784475,-7349.854591799463
2013-11-01,2013-11-30,Denver,All Residential,252949.24606027402,1928.3650159625104,7234.323417746986
2013-12-01,2013-12-31,Denver,All Residential,254435.776365199,1486.5303049249924,-441.834711037518
2014-01-01,2014-01-31,Denver,All Residential,253978.533167004,-457.2431981950067,-1943.773503119999
2014-02-01,2014-02-28,Denver,All Residential,254637.4650378465,658.931870842498,1116.1750690375047
2014-03-01,2014-03-31,Denver,All Residential,262555.849067184,7918.384029337525,7259.452158495027
2014-04-01,2014-04-30,Denver,All Residential,266329.4457777665,3773.5967105824966,-4144.7873187550285
2014-05-01,2014-05-31,Denver,All Residential,269164.3863810935,2834.940603327006,-938.6561072554905
2014-06-01,2014-06-30,Denver,All Residential,275258.446727233,6094.0603461394785,3259.1197428124724
2014-07-01,2014-07-31,Denver,All Residential,275949.253474924,690.8067476910073,-5403.253598448471
2014-08-01,2014-08-31,Denver,All Residential,273986.830465467,-1962.4230094570084,-2653.229757148016
2014-09-01,2014-09-30,Denver,All Residential,271947.702483276,-2039.1279821909848,-76.70497273397632
2014-10-01,2014-10-31,Denver,All Residential,273384.7774356605,1437.074952384457,3476.2029345754418
2014-11-01,2014-11-30,Denver,All Residential,279334.591822005,5949.814386344515,4512.739433960058
2014-12-01,2014-12-31,Denver,All Residential,286056.729804619,6722.137982613989,772.3235962694744
2015-01-01,2015-01-31,Denver,All Residential,286321.9438973255,265.21409270650474,-6456.923889907484
2015-02-01,2015-02-28,Denver,All Residential,296625.26040142996,10303.31650410447,10038.102411397966
2015-03-01,2015-03-31,Denver,All Residential,307777.8527104785,11152.592309048516,849.2758049440454
2015-04-01,2015-04-30,Denver,All Residential,310057.201653423,2279.348942944547,-8873.243366103969
2015-05-01,2015-05-31,Denver,All Residential,313377.13775530946,3319.936101886444,1040.5871589418966
2015-06-01,2015-06-30,Denver,All Residential,316112.6426334935,2735.5048781840596,-584.4312237023842
2015-07-01,2015-07-31,Denver,All Residential,306417.69033623,-9694.952297263546,-12430.457175447606
2015-08-01,2015-08-31,Denver,All Residential,311634.2256147235,5216.5352784935385,14911.487575757084
2015-09-01,2015-09-30,Denver,All Residential,307477.5572415365,-4156.668373187014,-9373.203651680553
2015-10-01,2015-10-31,Denver,All Residential,310669.420305362,3191.863063825469,7348.531437012483
2015-11-01,2015-11-30,Denver,All Residential,315113.065140175,4443.644834813022,1251.7817709875526
2015-12-01,2015-12-31,Denver,All Residential,317179.99272426346,2066.9275840884657,-2376.717250724556
2016-01-01,2016-01-31,Denver,All Residential,321805.8803375385,4625.88761327503,2558.9600291865645
2016-02-01,2016-02-29,Denver,All Residential,328081.785317797,6275.904980258492,1650.0173669834621
2016-03-01,2016-03-31,Denver,All Residential,337964.5832033315,9882.797885534528,3606.892905276036
2016-04-01,2016-04-30,Denver,All Residential,339722.370799676,1757.7875963444822,-8125.010289190046
2016-05-01,2016-05-31,Denver,All Residential,348003.2899855285,8280.919185852516,6523.131589508033
2016-06-01,2016-06-30,Denver,All Residential,352268.0438110245,4264.753825496009,-4016.1653603565064
2016-07-01,2016-07-31,Denver,All Residential,346258.365504933,-6009.678306091519,-10274.432131587528
2016-08-01,2016-08-31,Denver,All Residential,347190.59093292896,932.2254279959598,6941.903734087478
2016-09-01,2016-09-30,Denver,All Residential,346767.223269242,-423.36766368697863,-1355.5930916829384
2016-10-01,2016-10-31,Denver,All Residential,348639.74953498354,1872.5262657415587,2295.8939294285374
2016-11-01,2016-11-30,Denver,All Residential,350223.460487212,1583.710952228459,-288.8153135130997
2016-12-01,2016-12-31,Denver,All Residential,351169.871174444,946.4106872319826,-637.3002649964765
2017-01-01,2017-01-31,Denver,All Residential,352193.6064461755,1023.735271731508,77.32458449952537
2017-02-01,2017-02-28,Denver,All Residential,357772.5093319465,5578.902885771007,4555.167614039499
2017-03-01,2017-03-31,Denver,All Residential,366831.3220781915,9058.812746245007,3479.9098604739993
2017-04-01,2017-04-30,Denver,All Residential,371930.858553059,5099.536474867491,-3959.2762713775155
2017-05-01,2017-05-31,Denver,All Residential,372911.5077498585,980.6491967994953,-4118.887278067996
2017-06-01,2017-06-30,Denver,All Residential,377450.08811034553,4538.580360487045,3557.93116368755
2017-07-01,2017-07-31,Denver,All Residential,376009.438641812,-1440.6494685335201,-5979.229829020565
2017-08-01,2017-08-31,Denver,All Residential,374780.0342978465,-1229.4043439655215,211.24512456799857
2017-09-01,2017-09-30,Denver,All Residential,374910.042813924,130.0085160775343,1359.4128600430558
2017-10-01,2017-10-31,Denver,All Residential,378444.728081597,3534.6852676729904,3404.676751595456
2017-11-01,2017-11-30,Denver,All Residential,375446.594373158,-2998.1337084390107,-6532.818976112001
2017-12-01,2017-12-31,Denver,All Residential,386204.04975600203,10757.455382844026,13755.589091283036
2018-01-01,2018-01-31,Denver,All Residential,387590.235898189,1386.1861421869835,-9371.269240657042
2018-02-01,2018-02-28,Denver,All Residential,402444.717412608,14854.481514418963,13468.29537223198
2018-03-01,2018-03-31,Denver,All Residential,401122.2601062105,-1322.4573063974967,-16176.93882081646
2018-04-01,2018-04-30,Denver,All Residential,408995.4120608135,7873.151954603032,9195.609261000529
2018-05-01,2018-05-31,Denver,All Residential,407782.2762842615,-1213.1357765520224,-9086.287731155055
2018-06-01,2018-06-30,Denver,All Residential,407546.97028466,-235.30599960149266,977.8297769505298
2018-07-01,2018-07-31,Denver,All Residential,405810.712841207,-1736.2574434530106,-1500.951443851518
2018-08-01,2018-08-31,Denver,All Residential,401711.8155578965,-4098.897283310478,-2362.6398398574675
2018-09-01,2018-09-30,Denver,All Residential,399812.25616178196,-1899.5593961145496,2199.3378871959285
2018-10-01,2018-10-31,Denver,All Residential,402024.80432368454,2212.5481619025813,4112.107558017131
2018-11-01,2018-11-30,Denver,All Residential,397863.86377657,-4160.940547114529,-6373.4887090171105
2018-12-01,2018-12-31,Denver,All Residential,401474.13270356,3610.2689269899856,7771.209474104515
2019-01-01,2019-01-31,Denver,All Residential,400094.48212439497,-1379.650579165027,-4989.919506155013
2019-02-01,2019-02-28,Denver,All Residential,402346.34547888103,2251.863354486064,3631.513933651091
2019-03-01,2019-03-31,Denver,All Residential,406584.467441556,4238.121962674952,1986.2586081888876
2019-04-01,2019-04-30,Denver,All Residential,409349.787883556,2765.3204419999965,-1472.801520674955
2019-05-01,2019-05-31,Denver,All Residential,418591.0273077395,9241.239424183499,6475.9189821835025
2019-06-01,2019-06-30,Denver,All Residential,416015.11933171353,-2575.9079760259483,-11817.147400209447
2019-07-01,2019-07-31,Denver,All Residential,420641.8550093095,4626.735677595949,7202.643653621897
2019-08-01,2019-08-31,Denver,All Residential,419574.806669082,-1067.048340227455,-5693.784017823404
2019-09-01,2019-09-30,Denver,All Residential,414622.8976059885,-4951.909063093539,-3884.860722866084
2019-10-01,2019-10-31,Denver,All Residential,419283.858471671,4660.960865682515,9612.869928776054
2019-11-01,2019-11-30,Denver,All Residential,422162.8332952945,2878.974823623488,-1781.9860420590267
2019-12-01,2019-12-31,Denver,All Residential,419233.60966851003,-2929.2236267844564,-5808.198450407945
2020-01-01,2020-01-31,Denver,All Residential,423593.9898774745,4360.38020896446,7289.603835748916
2020-02-01,2020-02-29,Denver,All Residential,427461.4077571655,3867.4178796909982,-492.96232927346136
2020-03-01,2020-03-31,Denver,All Residential,436681.981728338,9220.573971172504,5353.156091481505
2020-04-01,2020-04-30,Denver,All Residential,429119.33330120903,-7562.648427128966,-16783.22239830147
2020-05-01,2020-05-31,Denver,All Residential,428310.753190201,-808.580111008021,6754.068316120945
2020-06-01,2020-06-30,Denver,All Residential,433104.426492593,4793.67330239201,5602.253413400031
2020-07-01,2020-07-31,Denver,All Residential,450479.422207462,17374.995714869,12581.322412476991
2020-08-01,2020-08-31,Denver,All Residential,453612.321802493,3132.899595030991,-14242.09611983801
2020-09-01,2020-09-30,Denver,All Residential,457570.9321765295,3958.610374036478,825.710779005487
2020-10-01,2020-10-31,Denver,All Residential,471653.88742166397,14082.955245134479,10124.344871098001
2020-11-01,2020-11-30,Denver,All Residential,465351.179198499,-6302.708223164955,-20385.663468299434
2020-12-01,2020-12-31,Denver,All Residential,460096.547613148,-5254.631585351017,1048.0766378139379
2021-01-01,2021-01-31,Denver,All Residential,464969.80133420404,4873.25372105604,10127.885306407057
2021-02-01,2021-02-28,Denver,All Residential,475660.7046754085,10690.903341204452,5817.6496201484115
2021-03-01,2021-03-31,Denver,All Residential,493589.29872185097,17928.59404644248,7237.690705238027
2021-04-01,2021-04-30,Denver,All Residential,517361.13938830304,23771.840666452073,5843.246620009595
2021-05-01,2021-05-31,Denver,All Residential,526373.0890537545,9011.949665451422,-14759.891001000651
2021-06-01,2021-06-30,Denver,All Residential,532103.276725438,5730.187671683496,-3281.7619937679265
2021-07-01,2021-07-31,Denver,All Residential,531848.382574082,-254.89415135595482,-5985.081823039451
2021-08-01,2021-08-31,Denver,All Residential,530863.284724847,-985.097849235055,-730.2036978791002
2021-09-01,2021-09-30,Denver,All Residential,532934.0776630174,2070.792938170489,3055.890787405544
2021-10-01,2021-10-31,Denver,All Residential,532938.4272581715,4.349595154053532,-2066.4433430164354
2021-11-01,2021-11-30,Denver,All Residential,546358.1086005119,13419.681342340424,13415.33174718637
2021-12-01,2021-12-31,Denver,All Residential,550934.630321698,4576.521721186116,-8843.159621154307
2022-01-01,2022-01-31,Denver,All Residential,551033.690050008,99.0597283099778,-4477.4619928761385
2022-02-01,2022-02-28,Denver,All Residential,577626.6838886971,26592.993838689057,26493.93411037908
2022-03-01,2022-03-31,Denver,All Residential,595686.797794426,18060.11390572891,-8532.879932960146
2022-04-01,2022-04-30,Denver,All Residential,605827.590402039,10140.792607613024,-7919.321298115887
2022-05-01,2022-05-31,Denver,All Residential,600037.7306629759,-5789.859739063075,-15930.6523466761
2022-06-01,2022-06-30,Denver,All Residential,599660.067398825,-377.6632641509641,5412.196474912111
2022-07-01,2022-07-31,Denver,All Residential,589594.1407073195,-10065.926691505476,-9688.263427354512
2022-08-01,2022-08-31,Denver,All Residential,574950.5234562806,-14643.6172510389,-4577.690559533425
2022-09-01,2022-09-30,Denver,All Residential,578813.8788538584,3863.355397577863,18506.972648616764
2022-10-01,2022-10-31,Denver,All Residential,572826.377209562,-5987.501644296455,-9850.857041874318
2022-11-01,2022-11-30,Denver,All Residential,568840.5252460116,-3985.8519635504344,2001.6496807460207
2022-12-01,2022-12-31,Denver,All Residential,563880.2838168615,-4960.2414291501045,-974.3894655996701
2023-01-01,2023-01-31,Denver,All Residential,547044.5493400826,-16835.73447677889,-11875.493047628785
2023-02-01,2023-02-28,Denver,All Residential,562359.4280299814,15314.878689898876,32150.613166677766
2023-03-01,2023-03-31,Denver,All Residential,563820.1644999045,1460.736469923053,-13854.142219975824
2023-04-01,2023-04-30,Denver,All Residential,568557.0351545665,4736.870654662023,3276.1341847389704
2023-05-01,2023-05-31,Denver,All Residential,580872.182963199,12315.147808632464,7578.277153970441
2023-06-01,2023-06-30,Denver,All Residential,585083.274849692,4211.091886493028,-8104.055922139436
2023-07-01,2023-07-31,Denver,All Residential,585041.1531432235,-42.12170646851882,-4253.213592961547
2023-08-01,2023-08-31,Denver,All Residential,579815.6752724545,-5225.477870768984,-5183.356164300465
2023-09-01,2023-09-30,Denver,All Residential,582557.0316444385,2741.356371984002,7966.834242752986
2023-10-01,2023-10-31,Denver,All Residential,577269.8809063621,-5287.150738076423,-8028.5071100604255
2023-11-01,2023-11-30,Denver,All Residential,571421.6004262429,-5848.280480119167,-561.1297420427436
2023-12-01,2023-12-31,Denver,All Residential,560242.9612588765,-11178.639167366433,-5330.358687247266
2024-01-01,2024-01-31,Denver,All Residential,572403.786786106,12160.825527229463,23339.464694595896
2024-02-01,2024-02-29,Denver,All Residential,576676.5845412379,4272.797755131964,-7888.027772097499
2024-03-01,2024-03-31,Denver,All Residential,586267.7603383879,9591.175797150005,5318.378042018041
2024-04-01,2024-04-30,Denver,All Residential,592012.1901079086,5744.429769520648,-3846.746027629357
2024-05-01,2024-05-31,Denver,All Residential,590232.4295311496,-1779.7605767589994,-7524.190346279647
2024-06-01,2024-06-30,Denver,All Residential,590370.231961561,137.8024304114515,1917.5630071704509
2024-07-01,2024-07-31,Denver,All Residential,589282.257623279,-1087.974338282016,-1225.7767686934676
2024-08-01,2024-08-31,Denver,All Residential,585975.5982832955,-3306.659339983482,-2218.685001701466
2024-09-01,2024-09-30,Denver,All Residential,577718.5146895801,-8257.083593715448,-4950.424253731966
2024-10-01,2024-10-31,Denver,All Residential,594039.703751401,16321.189061820973,24578.27265553642
2024-11-01,2024-11-30,Denver,All Residential,586402.9860692675,-7636.717682133545,-23957.906743954518
2024-12-01,2024-12-31,Denver,All Residential,585387.4459731199,-1015.540096147568,6621.177585985977
2025-01-01,2025-01-31,Denver,All Residential,586497.068870241,1109.622897121124,2125.162993268692
2025-02-01,2025-02-28,Denver,All Residential,600880.811775205,14383.742904963903,13274.12000784278
2025-03-01,2025-03-31,Denver,All Residential,591193.7829593786,-9687.028815826401,-24070.771720790304
2025-04-01,2025-04-30,Denver,All Residential,592161.7469829966,967.9640236180276,10654.992839444429
2025-05-01,2025-05-31,Denver,All Residential,590528.8633585505,-1632.8836244461127,-2600.8476480641402
2025-06-01,2025-06-30,Denver,All Residential,595053.536994637,4524.673636086518,6157.557260532631
2025-07-01,2025-07-31,Denver,All Residential,576840.5130148495,-18213.023979787482,-22737.697615874
2025-08-01,2025-08-31,Denver,All Residential,586058.036332479,9217.523317629471,27430.547297416953
2025-09-01,2025-09-30,Denver,All Residential,586775.2404078735,717.2040753945475,-8500.319242234924
2025-10-01,2025-10-31,Denver,All Residential,584504.4616097985,-2270.7787980750436,-2987.982873469591
2025-11-01,2025-11-30,Denver,All Residential,581411.864499416,-3092.597110382514,-821.8183123074705
2025-12-01,2025-12-31,Denver,All Residential,580234.3358945944,-1177.5286048215348,1915.0685055609792
2012-02-01,2012-02-29,Miami,All Residential,148572.881019487,3727.0216532264894,
2012-03-01,2012-03-31,Miami,All Residential,154155.757936488,5582.8769170010055,1855.855263774516
2012-04-01,2012-04-30,Miami,All Residential,162882.3854606435,8726.627524155512,3143.7506071545067
2012-05-01,2012-05-31,Miami,All Residential,162301.4583899095,-580.9270707340038,-9307.554594889516
2012-06-01,2012-06-30,Miami,All Residential,165724.1539645975,3422.6955746879976,4003.6226454220014
2012-07-01,2012-07-31,Miami,All Residential,159285.6429658275,-6438.5109987700125,-9861.20657345801
2012-08-01,2012-08-31,Miami,All Residential,163564.7344281685,4279.091462341021,10717.602461111033
2012-09-01,2012-09-30,Miami,All Residential,168534.5491555645,4969.814727396006,690.723265054985
2012-10-01,2012-10-31,Miami,All Residential,164163.672556948,-4370.876598616509,-9340.691326012515
2012-11-01,2012-11-30,Miami,All Residential,172703.7990450405,8540.126488092501,12911.00308670901
2012-12-01,2012-12-31,Miami,All Residential,186026.7274114985,13322.928366457985,4782.801878365484
2013-01-01,2013-01-31,Miami,All Residential,175518.001964393,-10508.725447105477,-23831.653813563462
2013-02-01,2013-02-28,Miami,All Residential,179721.7100871825,4203.708122789481,14712.433569894958
2013-03-01,2013-03-31,Miami,All Residential,185444.33735354152,5722.627266359021,1518.9191435695393
2013-04-01,2013-04-30,Miami,All Residential,187865.92265536851,2421.585301826999,-3301.0419645320217
2013-05-01,2013-05-31,Miami,All Residential,192884.47822769202,5018.555572323501,2596.970270496502
2013-06-01,2013-06-30,Miami,All Residential,200220.9286313265,7336.450403634488,2317.894831310987
2013-07-01,2013-07-31,Miami,All Residential,198774.359809333,-1446.568821993511,-8783.019225627999
2013-08-01,2013-08-31,Miami,All Residential,208991.418721161,10217.058911828004,11663.627733821515
2013-09-01,2013-09-30,Miami,All Residential,199365.818505981,-9625.600215179991,-19842.659127007995
2013-10-01,2013-10-31,Miami,All Residential,191413.70407889748,-7952.114427083521,1673.48578809647
2013-11-01,2013-11-30,Miami,All Residential,202010.046587291,10596.342508393514,18548.456935477036
2013-12-01,2013-12-31,Miami,All Residential,204414.4837108565,2404.437123565498,-8191.905384828016
2014-01-01,2014-01-31,Miami,All Residential,205534.496751533,1120.0130406765093,-1284.4240828889888
2014-02-01,2014-02-28,Miami,All Residential,199059.04945058998,-6475.447300943022,-7595.460341619531
2014-03-01,2014-03-31,Miami,All Residential,215723.6439212315,16664.594470641518,23140.04177158454
2014-04-01,2014-04-30,Miami,All Residential,212898.18633514352,-2825.457586087985,-19490.052056729503
2014-05-01,2014-05-31,Miami,All Residential,216597.3154676305,3699.1291324869962,6524.586718574981
2014-06-01,2014-06-30,Miami,All Residential,211297.0071378325,-5300.308329798019,-8999.437462285015
2014-07-01,2014-07-31,Miami,All Residential,219931.2403980455,8634.23326021302,13934.541590011038
2014-08-01,2014-08-31,Miami,All Residential,214260.5099323245,-5670.730465721019,-14304.963725934038
2014-09-01,2014-09-30,Miami,All Residential,219195.8647242225,4935.354791898018,10606.085257619037
2014-10-01,2014-10-31,Miami,All Residential,215671.5595892865,-3524.305134936003,-8459.659926834021
2014-11-01,2014-11-30,Miami,All Residential,217150.246082522,1478.6864932354947,5002.991628171498
2014-12-01,2014-12-31,Miami,All Residential,224277.507948566,7127.261866043991,5648.5753728084965
2015-01-01,2015-01-31,Miami,All Residential,215485.1489019985,-8792.359046567493,-15919.620912611485
2015-02-01,2015-02-28,Miami,All Residential,216071.533000304,586.3840983055125,9378.743144873006
2015-03-01,2015-03-31,Miami,All Residential,228818.78997051902,12747.256970215007,12160.872871909494
2015-04-01,2015-04-30,Miami,All Residential,228000.0460883785,-818.743882140523,-13566.00085235553
2015-05-01,2015-05-31,Miami,All Residential,241472.55604529398,13472.509956915485,14291.253839056008
2015-06-01,2015-06-30,Miami,All Residential,235972.1602959275,-5500.395749366493,-18972.905706281977
2015-07-01,2015-07-31,Miami,All Residential,236674.1730986655,702.0128027379978,6202.408552104491
2015-08-01,2015-08-31,Miami,All Residential,228503.626959179,-8170.546139486483,-8872.558942224481
2015-09-01,2015-09-30,Miami,All Residential,239076.896114284,10573.269155104994,18743.815294591477
2015-10-01,2015-10-31,Miami,All Residential,231773.07517656352,-7303.820937720477,-17877.09009282547
2015-11-01,2015-11-30,Miami,All Residential,233236.47766227002,1463.4024857064942,8767.22342342697
2015-12-01,2015-12-31,Miami,All Residential,240890.4921325025,7654.014470232476,6190.611984525982
2016-01-01,2016-01-31,Miami,All Residential,240476.8431669535,-413.64896554898587,-8067.663435781462
2016-02-01,2016-02-29,Miami,All Residential,242939.082503165,2462.2393362114963,2875.888301760482
2016-03-01,2016-03-31,Miami,All Residential,238981.68660308502,-3957.3959000799805,-6419.635236291477
2016-04-01,2016-04-30,Miami,All Residential,248045.9974610975,9064.310858012468,13021.706758092449
2016-05-01,2016-05-31,Miami,All Residential,252049.2476871195,4003.2502260220062,-5061.060631990462
2016-06-01,2016-06-30,Miami,All Residential,255724.262642071,3675.0149549515045,-328.23527107050177
2016-07-01,2016-07-31,Miami,All Residential,258170.5169603315,2446.2543182605004,-1228.760636691004
2016-08-01,2016-08-31,Miami,All Residential,259486.9568922455,1316.4399319140066,-1129.8143863464938
2016-09-01,2016-09-30,Miami,All Residential,264125.0220658665,4638.065173620998,3321.625241706992
2016-10-01,2016-10-31,Miami,All Residential,263380.295877969,-744.7261878974969,-5382.791361518495
2016-11-01,2016-11-30,Miami,All Residential,262270.367412033,-1109.9284659359837,-365.20227803848684
2016-12-01,2016-12-31,Miami,All Residential,260575.91916773102,-1694.4482443020097,-584.519778366026
2017-01-01,2017-01-31,Miami,All Residential,268496.655060153,7920.735892421973,9615.184136723983
2017-02-01,2017-02-28,Miami,All Residential,266643.46111616946,-1853.193943983526,-9773.9298364055
2017-03-01,2017-03-31,Miami,All Residential,269677.1577047435,3033.6965885740356,4886.8905325575615
2017-04-01,2017-04-30,Miami,All Residential,276913.866303287,7236.708598543482,4203.012009969447
2017-05-01,2017-05-31,Miami,All Residential,270088.632869819,-6825.233433467976,-14061.942032011459
2017-06-01,2017-06-30,Miami,All Residential,280363.15596763196,10274.523097812955,17099.75653128093
2017-07-01,2017-07-31,Miami,All Residential,276292.908206129,-4070.2477615029784,-14344.770859315933
2017-08-01,2017-08-31,Miami,All Residential,284575.797339422,8282.889133293007,12353.136894795985
2017-09-01,2017-09-30,Miami,All Residential,278966.99785583746,-5608.799483584531,-13891.688616877538
2017-10-01,2017-10-31,Miami,All Residential,282963.273768915,3996.275913077523,9605.075396662054
2017-11-01,2017-11-30,Miami,All Residential,286759.336160104,3796.0623911890434,-200.2135218884796
2017-12-01,2017-12-31,Miami,All Residential,281149.562791431,-5609.77336867305,-9405.835759862093
2018-01-01,2018-01-31,Miami,All Residential,283525.158800265,2375.5960088340216,7985.3693775070715
2018-02-01,2018-02-28,Miami,All Residential,282451.08309767954,-1074.0757025854546,-3449.671711419476
2018-03-01,2018-03-31,Miami,All Residential,297158.978511747,14707.895414067432,15781.971116652887
2018-04-01,2018-04-30,Miami,All Residential,287858.560729536,-9300.417782210978,-24008.31319627841
2018-05-01,2018-05-31,Miami,All Residential,292828.598469801,4970.037740265019,14270.455522475997
2018-06-01,2018-06-30,Miami,All Residential,300045.5787133085,7216.980243507482,2246.9425032424624
2018-07-01,2018-07-31,Miami,All Residential,293281.37328927254,-6764.205424035958,-13981.18566754344
2018-08-01,2018-08-31,Miami,All Residential,293900.7367466865,619.3634574139724,7383.56888144993
2018-09-01,2018-09-30,Miami,All Residential,294796.57781564,895.8410689535085,276.47761153953616
2018-10-01,2018-10-31,Miami,All Residential,297744.203689117,2947.6258734769654,2051.784804523457
2018-11-01,2018-11-30,Miami,All Residential,292521.341941169,-5222.861747947987,-8170.4876214249525
2018-12-01,2018-12-31,Miami,All Residential,296557.5830414775,4036.2411003084853,9259.102848256472
2019-01-01,2019-01-31,Miami,All Residential,292506.0813627385,-4051.501678738976,-8087.742779047461
2019-02-01,2019-02-28,Miami,All Residential,301724.5619198665,9218.480557127972,13269.982235866948
2019-03-01,2019-03-31,Miami,All Residential,302923.7544617895,1199.1925419230247,-8019.288015204947
2019-04-01,2019-04-30,Miami,All Residential,302603.97643846204,-319.77802332746796,-1518.9705652504927
2019-05-01,2019-05-31,Miami,All Residential,302994.55971006,390.5832715979777,710.3612949254457
2019-06-01,2019-06-30,Miami,All Residential,314005.5526015465,11010.992891486501,10620.409619888524
2019-07-01,2019-07-31,Miami,All Residential,313196.4486894805,-809.103912066028,-11820.09680355253
2019-08-01,2019-08-31,Miami,All Residential,305251.426008454,-7945.022681026487,-7135.918768960459
2019-09-01,2019-09-30,Miami,All Residential,310062.63872027653,4811.212711822533,12756.23539284902
2019-10-01,2019-10-31,Miami,All Residential,312769.785092783,2707.146372506453,-2104.0663393160794
2019-11-01,2019-11-30,Miami,All Residential,315620.6640332965,2850.878940513532,143.73256800707895
2019-12-01,2019-12-31,Miami,All Residential,316969.782989645,1349.1189563485095,-1501.7599841650226
2020-01-01,2020-01-31,Miami,All Residential,313428.3677142395,-3541.4152754055103,-4890.53423175402
2020-02-01,2020-02-29,Miami,All Residential,322328.0415883075,8899.673874067958,12441.089149473468
2020-03-01,2020-03-31,Miami,All Residential,327641.588519093,5313.546930785524,-3586.126943282434
2020-04-01,2020-04-30,Miami,All Residential,326968.5504641875,-673.0380549054826,-5986.584985691006
2020-05-01,2020-05-31,Miami,All Residential,325019.6890787835,-1948.861385404016,-1275.8233304985333
2020-06-01,2020-06-30,Miami,All Residential,335016.79110347654,9997.102024693042,11945.963410097058
2020-07-01,2020-07-31,Miami,All Residential,338192.4117497365,3175.6206462599803,-6821.481378433062
2020-08-01,2020-08-31,Miami,All Residential,350668.029197909,12475.617448172474,9299.996801912494
2020-09-01,2020-09-30,Miami,All Residential,355467.4498204075,4799.4206224984955,-7676.196825673978
2020-10-01,2020-10-31,Miami,All Residential,353286.02445412404,-2181.4253662834526,-6980.845988781948
2020-11-01,2020-11-30,Miami,All Residential,354874.4122650715,1588.38781094749,3769.8131772309425
2020-12-01,2020-12-31,Miami,All Residential,362717.9787704415,7843.566505369963,6255.178694422473
2021-01-01,2021-01-31,Miami,All Residential,373614.96744766296,10896.988677221467,3053.4221718515037
2021-02-01,2021-02-28,Miami,All Residential,376254.28602166404,2639.3185740010813,-8257.670103220385
2021-03-01,2021-03-31,Miami,All Residential,382682.453778504,6428.167756839946,3788.849182838865
2021-04-01,2021-04-30,Miami,All Residential,404517.052383095,21834.59860459104,15406.430847751093
2021-05-01,2021-05-31,Miami,All Residential,401657.084836824,-2859.967546271044,-24694.566150862083
2021-06-01,2021-06-30,Miami,All Residential,409034.1384964695,7377.053659645491,10237.021205916535
2021-07-01,2021-07-31,Miami,All Residential,412845.135421551,3810.996925081534,-3566.0567345639574
2021-08-01,2021-08-31,Miami,All Residential,406364.962285307,-6480.173136244004,-10291.170061325538
2021-09-01,2021-09-30,Miami,All Residential,406124.735522372,-240.22676293499535,6239.946373309009
2021-10-01,2021-10-31,Miami,All Residential,408982.358927513,2857.6234051409992,3097.8501680759946
2021-11-01,2021-11-30,Miami,All Residential,418752.01741032803,9769.658482815023,6912.035077674023
2021-12-01,2021-12-31,Miami,All Residential,439018.593244576,20266.575834247982,10496.91735143296
2022-01-01,2022-01-31,Miami,All Residential,438910.9256634565,-107.6675811195164,-20374.2434153675
2022-02-01,2022-02-28,Miami,All Residential,449605.658346357,10694.732682900503,10802.40026402002
2022-03-01,2022-03-31,Miami,All Residential,460995.79972310003,11390.141376743035,695.4086938425316
2022-04-01,2022-04-30,Miami,All Residential,465484.341545052,4488.541821951978,-6901.599554791057
2022-05-01,2022-05-31,Miami,All Residential,485513.123573476,20028.78202842397,15540.240206471994
2022-06-01,2022-06-30,Miami,All Residential,478242.8500960445,-7270.273477431503,-27299.055505855475
2022-07-01,2022-07-31,Miami,All Residential,467703.012376339,-10539.83771970548,-3269.5642422739766
2022-08-01,2022-08-31,Miami,All Residential,459827.913975242,-7875.098401096999,2664.739318608481
2022-09-01,2022-09-30,Miami,All Residential,476485.27589567704,16657.36192043504,24532.46032153204
2022-10-01,2022-10-31,Miami,All Residential,479283.319237058,2798.0433413809515,-13859.318579054088
2022-11-01,2022-11-30,Miami,All Residential,477601.7626674645,-1681.556569593493,-4479.599910974444
2022-12-01,2022-12-31,Miami,All Residential,459903.8191150335,-17697.94355243101,-16016.386982837517
2023-01-01,2023-01-31,Miami,All Residential,473958.59303066146,14054.773915627971,31752.71746805898
2023-02-01,2023-02-28,Miami,All Residential,482414.0686810645,8455.475650403067,-5599.298265224905
2023-03-01,2023-03-31,Miami,All Residential,494758.7483339685,12344.679652903986,3889.204002500919
2023-04-01,2023-04-30,Miami,All Residential,494163.00685101154,-595.7414829569752,-12940.421135860961
2023-05-01,2023-05-31,Miami,All Residential,507488.801110036,13325.794259024435,13921.53574198141
2023-06-01,2023-06-30,Miami,All Residential,508433.717020874,944.9159108380554,-12380.87834818638
2023-07-01,2023-07-31,Miami,All Residential,520702.69980743446,12268.982786560431,11324.066875722376
2023-08-01,2023-08-31,Miami,All Residential,527174.288893808,6471.589086373569,-5797.393700186862
2023-09-01,2023-09-30,Miami,All Residential,511629.81731019146,-15544.47158361657,-22016.06066999014
2023-10-01,2023-10-31,Miami,All Residential,519338.76757723,7708.950267038541,23253.42185065511
2023-11-01,2023-11-30,Miami,All Residential,518514.532108069,-824.235469161009,-8533.18573619955
2023-12-01,2023-12-31,Miami,All Residential,512272.91768089554,-6241.614427173452,-5417.378958012443
2024-01-01,2024-01-31,Miami,All Residential,539893.841145043,27620.92346414749,33862.53789132094
2024-02-01,2024-02-29,Miami,All Residential,527128.151643496,-12765.689501547022,-40386.61296569451
2024-03-01,2024-03-31,Miami,All Residential,554794.3882610775,27666.236617581453,40431.926119128475
2024-04-01,2024-04-30,Miami,All Residential,548144.3927551049,-6649.995505972533,-34316.232123553986
2024-05-01,2024-05-31,Miami,All Residential,531735.170387229,-16409.222367875976,-9759.226861903444
2024-06-01,2024-06-30,Miami,All Residential,545578.5918857465,13843.421498517506,30252.643866393482
2024-07-01,2024-07-31,Miami,All Residential,553409.653239507,7831.061353760539,-6012.360144756967
2024-08-01,2024-08-31,Miami,All Residential,537736.839739619,-15672.81349988794,-23503.874853648478
2024-09-01,2024-09-30,Miami,All Residential,551843.3989510189,14106.559211399872,29779.37271128781
2024-10-01,2024-10-31,Miami,All Residential,554643.6390645475,2800.240113528562,-11306.31909787131
2024-11-01,2024-11-30,Miami,All Residential,572316.5363804186,17672.897315871087,14872.657202342525
2024-12-01,2024-12-31,Miami,All Residential,575211.584004493,2895.0476240743883,-14777.849691796699
2025-01-01,2025-01-31,Miami,All Residential,558751.3148048206,-16460.269199672388,-19355.316823746776
2025-02-01,2025-02-28,Miami,All Residential,572697.3882159245,13946.07341110392,30406.342610776308
2025-03-01,2025-03-31,Miami,All Residential,560849.7080805865,-11847.680135337985,-25793.753546441905
2025-04-01,2025-04-30,Miami,All Residential,577262.1769504675,16412.468869881006,28260.14900521899
2025-05-01,2025-05-31,Miami,All Residential,564766.0040362161,-12496.172914251452,-28908.64178413246
2025-06-01,2025-06-30,Miami,All Residential,568383.4249501689,3617.4209139528684,16113.59382820432
2025-07-01,2025-07-31,Miami,All Residential,549102.3818851456,-19281.043065023376,-22898.463978976244
2025-08-01,2025-08-31,Miami,All Residential,558063.5872442055,8961.205359059968,28242.248424083344
2025-09-01,2025-09-30,Miami,All Residential,561784.8602588291,3721.2730146235554,-5239.932344436413
2025-10-01,2025-10-31,Miami,All Residential,554805.9775193725,-6978.882739456603,-10700.155754080159
2025-11-01,2025-11-30,Miami,All Residential,553408.4704670935,-1397.507052278961,5581.375687177642
2025-12-01,2025-12-31,Miami,All Residential,555013.6595407419,1605.1890736484202,3002.696125927381
2015-06-01,2015-06-30,New York,All Residential,461747.3850363475,829.5309776779613,
2015-07-01,2015-07-31,New York,All Residential,478472.64476408996,16725.259727742465,15895.728750064503
2015-08-01,2015-08-31,New York,All Residential,487570.41894948296,9097.774185393006,-7627.485542349459
2015-09-01,2015-09-30,New York,All Residential,466462.973886689,-21107.445062793966,-30205.21924818697
2015-10-01,2015-10-31,New York,All Residential,453269.195955388,-13193.777931300981,7913.6671314929845
2015-11-01,2015-11-30,New York,All Residential,456951.9594310865,3682.763475698477,16876.54140699946
2015-12-01,2015-12-31,New York,All Residential,469521.1908306,12569.23139951349,8886.467923815013
2016-01-01,2016-01-31,New York,All Residential,468064.1624801995,-1457.0283504005056,-14026.259749913996
2016-02-01,2016-02-29,New York,All Residential,464471.08385097096,-3593.0786292285193,-2136.0502788280137
2016-03-01,2016-03-31,New York,All Residential,472787.4573058585,8316.373454887536,11909.452084116056
2016-04-01,2016-04-30,New York,All Residential,474583.483537081,1796.026231222495,-6520.347223665041
2016-05-01,2016-05-31,New York,All Residential,483383.390118001,8799.90658092004,7003.880349697545
2016-06-01,2016-06-30,New York,All Residential,486746.903257547,3363.5131395459757,-5436.393441374064
2016-07-01,2016-07-31,New York,All Residential,508473.04721775,21726.143960202986,18362.63082065701
2016-08-01,2016-08-31,New York,All Residential,496871.089913731,-11601.957304019015,-33328.101264222
2016-09-01,2016-09-30,New York,All Residential,486463.06671997404,-10408.023193756933,1193.934110262082
2016-10-01,2016-10-31,New York,All Residential,488269.00863503,1805.9419150559697,12213.965108812903
2016-11-01,2016-11-30,New York,All Residential,486451.7000645925,-1817.3085704374826,-3623.2504854934523
2016-12-01,2016-12-31,New York,All Residential,488151.3597456295,1699.659681036952,3516.9682514744345
2017-01-01,2017-01-31,New York,All Residential,518064.244144462,29912.88439883251,28213.224717795558
2017-02-01,2017-02-28,New York,All Residential,506720.94400144403,-11343.300143017957,-41256.18454185047
2017-03-01,2017-03-31,New York,All Residential,507787.34791457653,1066.403913132497,12409.704056150455
2017-04-01,2017-04-30,New York,All Residential,509583.1932808145,1795.8453662379761,729.441453105479
2017-05-01,2017-05-31,New York,All Residential,510917.70237392746,1334.5090931129525,-461.3362731250236
2017-06-01,2017-06-30,New York,All Residential,561746.3128649835,50828.610491055995,49494.10139794304
2017-07-01,2017-07-31,New York,All Residential,537448.7565045175,-24297.55636046594,-75126.16685152194
2017-08-01,2017-08-31,New York,All Residential,536871.9246430891,-576.8318614284508,23720.72449903749
2017-09-01,2017-09-30,New York,All Residential,521462.955966759,-15408.968676330056,-14832.136814901605
2017-10-01,2017-10-31,New York,All Residential,525268.7621399375,3805.8061731784837,19214.77484950854
2017-11-01,2017-11-30,New York,All Residential,531951.245550582,6682.483410644461,2876.6772374659777
2017-12-01,2017-12-31,New York,All Residential,532151.482092463,200.23654188099317,-6482.246868763468
2018-01-01,2018-01-31,New York,All Residential,538064.758163942,5913.276071479078,5713.039529598085
2018-02-01,2018-02-28,New York,All Residential,527720.813743125,-10343.944420817075,-16257.220492296154
2018-03-01,2018-03-31,New York,All Residential,557787.3643621551,30066.55061903014,40410.495039847214
2018-04-01,2018-04-30,New York,All Residential,539582.5586783991,-18204.805683756014,-48271.35630278615
2018-05-01,2018-05-31,New York,All Residential,545917.1544237596,6334.595745360479,24539.401429116493
2018-06-01,2018-06-30,New York,All Residential,556746.3159471354,10829.161523375893,4494.565778015414
2018-07-01,2018-07-31,New York,All Residential,548474.5615539175,-8271.754393217969,-19100.91591659386
2018-08-01,2018-08-31,New York,All Residential,546872.6576656525,-1601.9038882650202,6669.8505049529485
2018-09-01,2018-09-30,New York,All Residential,551462.6161873864,4589.958521733992,6191.862409999012
2018-10-01,2018-10-31,New York,All Residential,538268.4789025865,-13194.137284799945,-17784.095806533936
2018-11-01,2018-11-30,New York,All Residential,551950.9266833775,13682.447780790972,26876.585065590916
2018-12-01,2018-12-31,New York,All Residential,548151.6955030445,-3799.2311803329503,-17481.678961123922
2019-01-01,2019-01-31,New York,All Residential,532065.348510388,-16086.346992656472,-12287.115812323522
2019-02-01,2019-02-28,New York,All Residential,536720.5657019615,4655.217191573465,20741.564184229937
2019-03-01,2019-03-31,New York,All Residential,527787.6994902671,-8932.866211694432,-13588.083403267898
2019-04-01,2019-04-30,New York,All Residential,549581.8119081571,21794.11241788999,30726.978629584424
2019-05-01,2019-05-31,New York,All Residential,550916.341234088,1334.5293259308673,-20459.583091959124
2019-06-01,2019-06-30,New York,All Residential,576746.706045721,25830.364811633015,24495.835485702148
2019-07-01,2019-07-31,New York,All Residential,546734.8905538565,-30011.815491864458,-55842.18030349747
2019-08-01,2019-08-31,New York,All Residential,563873.24785744,17138.35730358353,47150.17279544799
2019-09-01,2019-09-30,New York,All Residential,551462.3666181124,-12410.881239327602,-29549.23854291113
2019-10-01,2019-10-31,New York,All Residential,558268.3889146249,6806.022296512499,19216.9035358401
2019-11-01,2019-11-30,New York,All Residential,557951.111539196,-317.2773754289374,-7123.299671941437
2019-12-01,2019-12-31,New York,All Residential,548402.1615583645,-9548.949980831472,-9231.672605402535
2020-01-01,2020-01-31,New York,All Residential,565065.6512966955,16663.489738330944,26212.439719162416
2020-02-01,2020-02-29,New York,All Residential,578720.2226331335,13654.571336438064,-3008.918401892879
2020-03-01,2020-03-31,New York,All Residential,577787.821197331,-932.4014358025743,-14586.972772240639
2020-04-01,2020-04-30,New York,All Residential,574581.028304797,-3206.7928925339365,-2274.3914567313623
2020-05-01,2020-05-31,New York,All Residential,558165.3129579115,-16415.715346885496,-13208.92245435156
2020-06-01,2020-06-30,New York,All Residential,551747.138710484,-6418.174247427494,9997.541099458002
2020-07-01,2020-07-31,New York,All Residential,558474.487104364,6727.348393879947,13145.522641307442
2020-08-01,2020-08-31,New York,All Residential,561873.610704561,3399.1236001970246,-3328.2247936829226
2020-09-01,2020-09-30,New York,All Residential,576462.1710518776,14588.560347316554,11189.43674711953
2020-10-01,2020-10-31,New York,All Residential,588268.719760647,11806.548708769493,-2782.011638547061
2020-11-01,2020-11-30,New York,All Residential,591951.734780492,3683.0150198449846,-8123.533688924508
2020-12-01,2020-12-31,New York,All Residential,598152.830095846,6201.095315353945,2518.0802955089603
2021-01-01,2021-01-31,New York,All Residential,602066.1543890225,3913.324293176527,-2287.7710221774178
2021-02-01,2021-02-28,New York,All Residential,606720.6759555165,4654.521566494019,741.1972733174916
2021-03-01,2021-03-31,New York,All Residential,627788.4724102016,21067.79645468504,16413.274888191023
2021-04-01,2021-04-30,New York,All Residential,649580.760388264,21792.287978062406,724.4915233773645
2021-05-01,2021-05-31,New York,All Residential,644913.7948133419,-4666.96557492204,-26459.253552984446
2021-06-01,2021-06-30,New York,All Residential,661746.6927001025,16832.897886760533,21499.863461682573
2021-07-01,2021-07-31,New York,All Residential,663472.9105292631,1726.2178291606251,-15106.680057599908
2021-08-01,2021-08-31,New York,All Residential,666873.1892856065,3400.2787563434104,1674.0609271827852
2021-09-01,2021-09-30,New York,All Residential,661461.715680324,-5411.473605282488,-8811.752361625899
2021-10-01,2021-10-31,New York,All Residential,663269.416035706,1807.7003553819377,7219.173960664426
2021-11-01,2021-11-30,New York,All Residential,660202.5279080505,-3066.8881276554894,-4874.588483037427
2021-12-01,2021-12-31,New York,All Residential,658153.496135407,-2049.031772643444,1017.8563550120452
2022-01-01,2022-01-31,New York,All Residential,675316.613945965,17163.117810557946,19212.14958320139
2022-02-01,2022-02-28,New York,All Residential,681721.3605215625,6404.746575597557,-10758.371234960388
2022-03-01,2022-03-31,New York,All Residential,687789.579853568,6068.219332005479,-336.52724359207787
2022-04-01,2022-04-30,New York,All Residential,689581.1869545691,1791.6071010010783,-4276.612231004401
2022-05-01,2022-05-31,New York,All Residential,692912.344130999,3331.1571764298715,1539.5500754287932
2022-06-01,2022-06-30,New York,All Residential,698796.0771198845,5883.732988885604,2552.5758124557324
2022-07-01,2022-07-31,New York,All Residential,703471.2067682245,4675.129648339935,-1208.6033405456692
2022-08-01,2022-08-31,New York,All Residential,700872.647078367,-2598.5596898575313,-7273.689338197466
2022-09-01,2022-09-30,New York,All Residential,686461.226228067,-14411.420850299997,-11812.861160442466
2022-10-01,2022-10-31,New York,All Residential,678270.264424848,-8190.961803218932,6220.459047081065
2022-11-01,2022-11-30,New York,All Residential,681953.217248875,3682.9528240269283,11873.91462724586
2022-12-01,2022-12-31,New York,All Residential,658153.713472219,-23799.503776655998,-27482.456600682926
2023-01-01,2023-01-31,New York,All Residential,668066.898944575,9913.18547235604,33712.68924901204
2023-02-01,2023-02-28,New York,All Residential,656721.53255164,-11345.366392935044,-21258.551865291083
2023-03-01,2023-03-31,New York,All Residential,670790.9044232755,14069.37187163555,25414.738264570595
2023-04-01,2023-04-30,New York,All Residential,676331.8638320415,5540.959408766008,-8528.412462869543
2023-05-01,2023-05-31,New York,All Residential,700161.1220585494,23829.258226507925,18288.298817741917
2023-06-01,2023-06-30,New York,All Residential,701745.4860397555,1584.3639812060865,-22244.89424530184
2023-07-01,2023-07-31,New York,All Residential,713469.795873326,11724.3098335705,10139.945852364413
2023-08-01,2023-08-31,New York,All Residential,721872.5469674079,8402.751094081905,-3321.558739488595
2023-09-01,2023-09-30,New York,All Residential,709460.984484068,-12411.56248333992,-20814.313577421824
2023-10-01,2023-10-31,New York,All Residential,688271.1767598544,-21189.807724213577,-8778.245240873657
2023-11-01,2023-11-30,New York,All Residential,696953.937067391,8682.760307536577,29872.568031750154
2023-12-01,2023-12-31,New York,All Residential,718153.4827771895,21199.54570979846,12516.785402261885
2024-01-01,2024-01-31,New York,All Residential,703066.6001455216,-15086.88263166789,-36286.42834146635
2024-02-01,2024-02-29,New York,All Residential,706722.023973566,3655.4238280444406,18742.30645971233
2024-03-01,2024-03-31,New York,All Residential,717791.8294613055,11069.805487739504,7414.381659695064
2024-04-01,2024-04-30,New York,All Residential,729582.2372097354,11790.40774842992,720.6022606904153
2024-05-01,2024-05-31,New York,All Residential,745910.2106361305,16327.973426395096,4537.565677965176
2024-06-01,2024-06-30,New York,All Residential,751744.8537408034,5834.643104672898,-10493.330321722198
2024-07-01,2024-07-31,New York,All Residential,768468.9265844875,16724.072843684116,10889.429739011219
2024-08-01,2024-08-31,New York,All Residential,741872.929498574,-26595.99708591355,-43320.06992959767
2024-09-01,2024-09-30,New York,All Residential,748461.136858399,6588.207359825028,33184.20444573858
2024-10-01,2024-10-31,New York,All Residential,743271.920712756,-5189.216145643033,-11777.423505468061
2024-11-01,2024-11-30,New York,All Residential,745954.5948584995,2682.6741457434837,7871.890291386517
2024-12-01,2024-12-31,New York,All Residential,748153.389737351,2198.794878851506,-483.87926689197775
2025-01-01,2025-01-31,New York,All Residential,778066.102976795,29912.71323944407,27713.918360592565
2025-02-01,2025-02-28,New York,All Residential,771721.697193596,-6344.405783199007,-36257.11902264308
2025-03-01,2025-03-31,New York,All Residential,755792.3715910416,-15929.325602554483,-9584.919819355477
2025-04-01,2025-04-30,New York,All Residential,769582.444551404,13790.07296036242,29719.398562916904
2025-05-01,2025-05-31,New York,All Residential,790909.7243171434,21327.279765739455,7537.2068053770345
2025-06-01,2025-06-30,New York,All Residential,805632.34023172,14722.61591457657,-6604.663851162884
2025-07-01,2025-07-31,New York,All Residential,798468.5375691401,-7163.802662579925,-21886.418577156495
2025-08-01,2025-08-31,New York,All Residential,791873.098544583,-6595.439024557127,568.3636380227981
2025-09-01,2025-09-30,New York,All Residential,781461.2862678014,-10411.812276781537,-3816.37325222441
2025-10-01,2025-10-31,New York,All Residential,770772.349301911,-10688.936965890462,-277.12468910892494
2025-11-01,2025-11-30,New York,All Residential,776954.9507570216,6182.601455110591,16871.538421001052
2025-12-01,2025-12-31,New York,All Residential,788153.371038954,11198.420281932456,5015.8188268218655
2012-02-01,2012-02-29,San Francisco,All Residential,604970.9227959415,19193.37860686553,
2012-03-01,2012-03-31,San Francisco,All Residential,621243.0825513205,16272.159755379078,-2921.218851486454
2012-04-01,2012-04-30,San Francisco,All Residential,669654.3949869655,48411.31243564491,32139.152680265834
2012-05-01,2012-05-31,San Francisco,All Residential,671527.0428602655,1872.6478733000113,-46538.6645623449
2012-06-01,2012-06-30,San Francisco,All Residential,701594.3021863131,30067.259326047613,28194.611452747602
2012-07-01,2012-07-31,San Francisco,All Residential,709596.758431786,8002.4562454728875,-22064.803080574726
2012-08-01,2012-08-31,San Francisco,All Residential,700694.3673803655,-8902.391051420476,-16904.847296893364
2012-09-01,2012-09-30,San Francisco,All Residential,721935.2775973865,21240.91021702101,30143.301268441486
2012-10-01,2012-10-31,San Francisco,All Residential,744051.866076831,22116.5884794445,875.6782624234911
2012-11-01,2012-11-30,San Francisco,All Residential,761124.461046849,17072.59497001802,-5043.99350942648
2012-12-01,2012-12-31,San Francisco,All Residential,762060.5060862636,936.0450394145446,-16136.549930603476
2013-01-01,2013-01-31,San Francisco,All Residential,729615.729567899,-32444.776518364553,-33380.8215577791
2013-02-01,2013-02-28,San Francisco,All Residential,768816.299982114,39200.57041421498,71645.34693257953
2013-03-01,2013-03-31,San Francisco,All Residential,824513.067622992,55696.76764087798,16496.197226663004
2013-04-01,2013-04-30,San Francisco,All Residential,830312.954246795,5799.8866238030605,-49896.88101707492
2013-05-01,2013-05-31,San Francisco,All Residential,843425.92854627,13112.974299474969,7313.087675671908
2013-06-01,2013-06-30,San Francisco,All Residential,825692.7004648906,-17733.228081379435,-30846.202380854404
2013-07-01,2013-07-31,San Francisco,All Residential,833652.7666739605,7960.066209069919,25693.294290449354
2013-08-01,2013-08-31,San Francisco,All Residential,853281.3016518031,19628.534977842588,11668.46876877267
2013-09-01,2013-09-30,San Francisco,All Residential,836296.6058255786,-16984.695826224517,-36613.230804067105
2013-10-01,2013-10-31,San Francisco,All Residential,853179.576283847,16882.97045826842,33867.66628449294
2013-11-01,2013-11-30,San Francisco,All Residential,833916.6458695859,-19262.930414261064,-36145.900872529484
2013-12-01,2013-12-31,San Francisco,All Residential,849595.205184459,15678.55931487307,34941.48972913413
2014-01-01,2014-01-31,San Francisco,All Residential,914103.940410438,64508.735225979006,48830.17591110594
2014-02-01,2014-02-28,San Francisco,All Residential,935686.018007176,21582.077596738003,-42926.657629241
2014-03-01,2014-03-31,San Francisco,All Residential,943294.478819677,7608.460812501027,-13973.616784236976
2014-04-01,2014-04-30,San Francisco,All Residential,908923.1006631195,-34371.37815655756,-41979.83896905859
2014-05-01,2014-05-31,San Francisco,All Residential,934974.9668824279,26051.86621930846,60423.24437586602
2014-06-01,2014-06-30,San Francisco,All Residential,940507.4862343335,5532.519351905561,-20519.3468674029
2014-07-01,2014-07-31,San Francisco,All Residential,942822.0381891895,2314.551954856026,-3217.967397049535
2014-08-01,2014-08-31,San Francisco,All Residential,928570.9540348295,-14251.084154359996,-16565.636109216022
2014-09-01,2014-09-30,San Francisco,All Residential,930505.6143139671,1934.660279137548,16185.744433497544
2014-10-01,2014-10-31,San Francisco,All Residential,974707.4178188695,44201.803504902404,42267.143225764856
2014-11-01,2014-11-30,San Francisco,All Residential,1004216.193948755,29508.776129885577,-14693.027375016827
2014-12-01,2014-12-31,San Francisco,All Residential,952577.1914249045,-51639.00252385053,-81147.77865373611
2015-01-01,2015-01-31,San Francisco,All Residential,964135.95863846,11558.767213555519,63197.76973740605
2015-02-01,2015-02-28,San Francisco,All Residential,1058696.998701575,94561.04006311495,83002.27284955943
2015-03-01,2015-03-31,San Francisco,All Residential,1093388.361722985,34691.36302141007,-59869.67704170488
2015-04-01,2015-04-30,San Francisco,All Residential,1095621.06143536,2232.699712374946,-32458.663309035124
2015-05-01,2015-05-31,San Francisco,All Residential,1163848.2838486899,68227.22241332987,65994.52270095493
2015-06-01,2015-06-30,San Francisco,All Residential,1112972.909181165,-50875.374667524826,-119102.5970808547
2015-07-01,2015-07-31,San Francisco,All Residential,1138829.975557395,25857.06637622998,76732.4410437548
2015-08-01,2015-08-31,San Francisco,All Residential,1116794.214606155,-22035.76095124008,-47892.82732747006
2015-09-01,2015-09-30,San Francisco,All Residential,1095747.7755827499,-21046.43902340508,989.3219278350007
2015-10-01,2015-10-31,San Francisco,All Residential,1139885.23791656,44137.46233381005,65183.90135721513
2015-11-01,2015-11-30,San Francisco,All Residential,1154421.255061625,14536.017145065125,-29601.445188744925
2015-12-01,2015-12-31,San Francisco,All Residential,1112197.9645302598,-42223.2905313652,-56759.307676430326
2016-01-01,2016-01-31,San Francisco,All Residential,1094426.099646575,-17771.864883684786,24451.425647680415
2016-02-01,2016-02-29,San Francisco,All Residential,1114154.289656365,19728.190009790007,37500.05489347479
2016-03-01,2016-03-31,San Francisco,All Residential,1093390.8398239398,-20763.44983242522,-40491.63984221523
2016-04-01,2016-04-30,San Francisco,All Residential,1179144.307380925,85753.4675569851,106516.91738941032
2016-05-01,2016-05-31,San Francisco,All Residential,1183327.617242,4183.309861075133,-81570.15769590996
2016-06-01,2016-06-30,San Francisco,All Residential,1172577.03860483,-10750.57863717014,-14933.888498245273
2016-07-01,2016-07-31,San Francisco,All Residential,1171085.499925425,-1491.5386794048827,9259.039957765257
2016-08-01,2016-08-31,San Francisco,All Residential,1154438.40238673,-16647.097538694972,-15155.55885929009
2016-09-01,2016-09-30,San Francisco,All Residential,1128994.977592035,-25443.424794695107,-8796.327256000135
2016-10-01,2016-10-31,San Francisco,All Residential,1212800.90324998,83805.92565794499,109249.3504526401
2016-11-01,2016-11-30,San Francisco,All Residential,1146886.25226331,-65914.65098667005,-149720.57664461504
2016-12-01,2016-12-31,San Francisco,All Residential,1180165.6215420351,33279.36927872524,99194.02026539529
2017-01-01,2017-01-31,San Francisco,All Residential,1094426.6226471202,-85738.99889491498,-119018.36817364022
2017-02-01,2017-02-28,San Francisco,All Residential,1220026.086555425,125599.46390830493,211338.4628032199
2017-03-01,2017-03-31,San Francisco,All Residential,1192790.992504845,-27235.09405058017,-152834.5579588851
2017-04-01,2017-04-30,San Francisco,All Residential,1252841.7551843598,60050.76267951494,87285.85673009511
2017-05-01,2017-05-31,San Francisco,All Residential,1266113.29733099,13271.54214663012,-46779.22053288482
2017-06-01,2017-06-30,San Francisco,All Residential,1255631.979321755,-10481.318009234965,-23752.860155865084
2017-07-01,2017-07-31,San Francisco,All Residential,1250482.72497529,-5149.254346464993,5332.063662769971
2017-08-01,2017-08-31,San Francisco,All Residential,1254823.8481412348,4341.123165944824,9490.377512409817
2017-09-01,2017-09-30,San Francisco,All Residential,1239320.5458915601,-15503.302249674685,-19844.42541561951
2017-10-01,2017-10-31,San Francisco,All Residential,1281252.888412885,41932.342521324754,57435.64477099944
2017-11-01,2017-11-30,San Francisco,All Residential,1331252.5838751001,49999.695462215226,8067.352940890472
2017-12-01,2017-12-31,San Francisco,All Residential,1364504.0167175299,33251.43284242973,-16748.2626197855
2018-01-01,2018-01-31,San Francisco,All Residential,1355004.13421391,-9499.882503619883,-42751.31534604961
2018-02-01,2018-02-28,San Francisco,All Residential,1391438.07564429,36433.9414303801,45933.823933999985
2018-03-01,2018-03-31,San Francisco,All Residential,1391589.3251880151,151.24954372504726,-36282.691886655055
2018-04-01,2018-04-30,San Francisco,All Residential,1404658.345752405,13069.02056438988,12917.771020664833
2018-05-01,2018-05-31,San Francisco,All Residential,1382986.503057475,-21671.842694930034,-34740.863259319915
2018-06-01,2018-06-30,San Francisco,All Residential,1382656.90110377,-329.60195370507427,21342.24074122496
2018-07-01,2018-07-31,San Francisco,All Residential,1389426.309946075,6769.408842305187,7099.010796010261
2018-08-01,2018-08-31,San Francisco,All Residential,1380304.9468807098,-9121.363065365236,-15890.771907670423
2018-09-01,2018-09-30,San Francisco,All Residential,1413121.02287696,32816.07599625015,41937.43906161538
2018-10-01,2018-10-31,San Francisco,All Residential,1388890.744245325,-24230.27863163501,-57046.35462788516
2018-11-01,2018-11-30,San Francisco,All Residential,1331252.83219284,-57637.91205248493,-33407.63342084992
2018-12-01,2018-12-31,San Francisco,All Residential,1385105.715734795,53852.883541954914,111490.79559443984
2019-01-01,2019-01-31,San Francisco,All Residential,1269535.250746785,-115570.46498801,-169423.34852996492
2019-02-01,2019-02-28,San Francisco,All Residential,1282547.1603087,13011.90956191509,128582.3745499251
2019-03-01,2019-03-31,San Francisco,All Residential,1391589.761964205,109042.6016555049,96030.69209358981
2019-04-01,2019-04-30,San Francisco,All Residential,1400238.612890265,8648.850926059997,-100393.7507294449
2019-05-01,2019-05-31,San Francisco,All Residential,1460902.162577415,60663.549687149934,52014.69876108994
2019-06-01,2019-06-30,San Francisco,All Residential,1401217.3348133299,-59684.82776408503,-120348.37745123496
2019-07-01,2019-07-31,San Francisco,All Residential,1390419.54169072,-10797.793122609844,48887.034641475184
2019-08-01,2019-08-31,San Francisco,All Residential,1380303.80228033,-10115.739410389913,682.0537122199312
2019-09-01,2019-09-30,San Francisco,All Residential,1370293.41899026,-10010.383290070109,105.35612031980418
2019-10-01,2019-10-31,San Francisco,All Residential,1388888.9666422699,18595.547652009875,28605.930942079984
2019-11-01,2019-11-30,San Francisco,All Residential,1367673.04690642,-21215.919735849835,-39811.46738785971
2019-12-01,2019-12-31,San Francisco,All Residential,1345464.649524815,-22208.397381605115,-992.4776457552798
2020-01-01,2020-01-31,San Francisco,All Residential,1355004.4355637,9539.786038885126,31748.18342049024
2020-02-01,2020-02-29,San Francisco,All Residential,1396486.7078533,41482.27228959999,31942.486250714865
2020-03-01,2020-03-31,San Francisco,All Residential,1441290.446416775,44803.738563474966,3321.4662738749757
2020-04-01,2020-04-30,San Francisco,All Residential,1375674.5898549599,-65615.85656181513,-110419.5951252901
2020-05-01,2020-05-31,San Francisco,All Residential,1460904.223726915,85229.6338719551,150845.49043377023
2020-06-01,2020-06-30,San Francisco,All Residential,1513582.892099675,52678.66837276006,-32550.965499195037
2020-07-01,2020-07-31,San Francisco,All Residential,1439050.3206508649,-74532.57144881017,-127211.23982157023
2020-08-01,2020-08-31,San Francisco,All Residential,1515824.507236745,76774.18658588012,151306.75803469028
2020-09-01,2020-09-30,San Francisco,All Residential,1460969.273336435,-54855.233900310006,-131629.42048619012
2020-10-01,2020-10-31,San Francisco,All Residential,1408727.630197495,-52241.64313893998,2613.5907613700256
2020-11-01,2020-11-30,San Francisco,All Residential,1406603.719529665,-2123.910667829914,50117.73247111007
2020-12-01,2020-12-31,San Francisco,All Residential,1390269.4063834948,-16334.313146170229,-14210.402478340315
2021-01-01,2021-01-31,San Francisco,All Residential,1394611.7101409552,4342.303757460322,20676.61690363055
2021-02-01,2021-02-28,San Francisco,All Residential,1386404.98090004,-8206.729240915272,-12549.032998375595
2021-03-01,2021-03-31,San Francisco,All Residential,1421411.914705395,35006.933805355104,43213.663046270376
2021-04-01,2021-04-30,San Francisco,All Residential,1483763.19889687,62351.28419147502,27344.350386119913
2021-05-01,2021-05-31,San Francisco,All Residential,1480385.279397545,-3377.9194993251003,-65729.20369080012
2021-06-01,2021-06-30,San Francisco,All Residential,1563413.17671648,83027.89731893502,86405.81681826012
2021-07-01,2021-07-31,San Francisco,All Residential,1587919.777747805,24506.60103132506,-58521.29628760996
2021-08-01,2021-08-31,San Francisco,All Residential,1528375.735286795,-59544.04246100993,-84050.64349233499
2021-09-01,2021-09-30,San Francisco,All Residential,1539051.44295777,10675.70767097501,70219.75013198494
2021-10-01,2021-10-31,San Francisco,All Residential,1547612.050811185,8560.607853414956,-2115.0998175600544
2021-11-01,2021-11-30,San Francisco,All Residential,1602520.50203547,54908.451224284945,46347.84337086999
2021-12-01,2021-12-31,San Francisco,All Residential,1524154.5769520649,-78365.9250834051,-133274.37630769005
2022-01-01,2022-01-31,San Francisco,All Residential,1489460.94785571,-34693.62909635482,43672.29598705028
2022-02-01,2022-02-28,San Francisco,All Residential,1567897.31061902,78436.36276330985,113129.99185966467
2022-03-01,2022-03-31,San Francisco,All Residential,1570510.72091603,2613.410297010094,-75822.95246629976
2022-04-01,2022-04-30,San Francisco,All Residential,1650808.09442027,80297.37350424007,77683.96320722997
2022-05-01,2022-05-31,San Francisco,All Residential,1582649.61280461,-68158.48161566001,-148455.85511990008
2022-06-01,2022-06-30,San Francisco,All Residential,1555593.695640375,-27055.917164235143,41102.56445142487
2022-07-01,2022-07-31,San Francisco,All Residential,1488678.05634646,-66915.6392939149,-39859.72212967975
2022-08-01,2022-08-31,San Francisco,All Residential,1405406.11657412,-83271.93977234,-16356.30047842511
2022-09-01,2022-09-30,San Francisco,All Residential,1506303.060459475,100896.94388535502,184168.88365769503
2022-10-01,2022-10-31,San Francisco,All Residential,1488084.079306155,-18218.981153320055,-119115.92503867508
2022-11-01,2022-11-30,San Francisco,All Residential,1406599.339953715,-81484.73935244,-63265.75819911994
2022-12-01,2022-12-31,San Francisco,All Residential,1355783.248938285,-50816.091015429934,30668.64833701006
2023-01-01,2023-01-31,San Francisco,All Residential,1342494.1594894798,-13289.0894488052,37527.001566624735
2023-02-01,2023-02-28,San Francisco,All Residential,1431777.56592458,89283.40643510013,102572.49588390533
2023-03-01,2023-03-31,San Francisco,All Residential,1416441.346859225,-15336.219065354904,-104619.62550045503
2023-04-01,2023-04-30,San Francisco,All Residential,1411539.770587595,-4901.576271630125,10434.642793724779
2023-05-01,2023-05-31,San Francisco,All Residential,1460908.0892072502,49368.31861965521,54269.89489128534
2023-06-01,2023-06-30,San Francisco,All Residential,1499895.60106431,38987.511857059784,-10380.806762595428
2023-07-01,2023-07-31,San Francisco,All Residential,1438065.7630706849,-61829.837993625086,-100817.34985068487
2023-08-01,2023-08-31,San Francisco,All Residential,1488226.27932892,50160.51625823509,111990.35425186018
2023-09-01,2023-09-30,San Francisco,All Residential,1460961.4959393549,-27264.78338956507,-77425.29964780016
2023-10-01,2023-10-31,San Francisco,All Residential,1502960.809476785,41999.31353743002,69264.09692699509
2023-11-01,2023-11-30,San Francisco,All Residential,1486974.2952301549,-15986.514246630017,-57985.827784060035
2023-12-01,2023-12-31,San Francisco,All Residential,1338794.8531906148,-148179.44203954004,-132192.92779291002
2024-01-01,2024-01-31,San Francisco,All Residential,1469653.874299525,130859.02110891021,279038.46314845025
2024-02-01,2024-02-29,San Francisco,All Residential,1436818.8939029751,-32834.980396549916,-163694.00150546012
2024-03-01,2024-03-31,San Francisco,All Residential,1540690.031631255,103871.13772827992,136706.11812482984
2024-04-01,2024-04-30,San Francisco,All Residential,1536333.377618815,-4356.654012440005,-108227.79174071993
2024-05-01,2024-05-31,San Francisco,All Residential,1519344.7744209,-16988.603197915014,-12631.949185475009
2024-06-01,2024-06-30,San Francisco,All Residential,1538980.26781882,19635.493397919927,36624.09659583494
2024-07-01,2024-07-31,San Francisco,All Residential,1498607.918150575,-40372.349668245064,-60007.84306616499
2024-08-01,2024-08-31,San Francisco,All Residential,1469656.765580065,-28951.152570509817,11421.197097735247
2024-09-01,2024-09-30,San Francisco,All Residential,1500760.28191291,31103.51633284497,60054.66890335479
2024-10-01,2024-10-31,San Francisco,All Residential,1558513.36184986,57753.07993695,26649.56360410503
2024-11-01,2024-11-30,San Francisco,All Residential,1507066.863080645,-51446.498769215075,-109199.57870616508
2024-12-01,2024-12-31,San Francisco,All Residential,1441780.0351684699,-65286.8279121751,-13840.329142960021
2025-01-01,2025-01-31,San Francisco,All Residential,1446722.016773585,4941.981605115114,70228.80951729021
2025-02-01,2025-02-28,San Francisco,All Residential,1512440.430732815,65718.41395923006,60776.43235411495
2025-03-01,2025-03-31,San Francisco,All Residential,1494138.042821795,-18302.38791102008,-84020.80187025014
2025-04-01,2025-04-30,San Francisco,All Residential,1523068.190260205,28930.14743840997,47232.53534943005
2025-05-01,2025-05-31,San Francisco,All Residential,1558302.28647286,35234.09621265507,6303.948774245102
2025-06-01,2025-06-30,San Francisco,All Residential,1548751.489743005,-9550.796729855007,-44784.89294251008
2025-07-01,2025-07-31,San Francisco,All Residential,1491165.962175895,-57585.527567110024,-48034.73083725502
2025-08-01,2025-08-31,San Francisco,All Residential,1480700.725767435,-10465.236408459954,47120.29115865007
2025-09-01,2025-09-30,San Francisco,All Residential,1491188.928473215,10488.202705780044,20953.439114239998
2025-10-01,2025-10-31,San Francisco,All Residential,1536687.436488025,45498.508014809806,35010.30530902976
2025-11-01,2025-11-30,San Francisco,All Residential,1527160.2562013199,-9527.180286705028,-55025.688301514834
2025-12-01,2025-12-31,San Francisco,All Residential,1493271.5889051901,-33888.667296129744,-24361.487009424716
